id,name,brand,price,display,ram,rom,battery,rating,reviews,express
XI996MP23ZV7SNAFAMZ,xiaomi redmi a2+,XIAOMI,11599,6.52,3,64,5000,4.0,33,True
IN213MP359DDYNAFAMZ,infinix smart 7 hd,Infinix,11599,7.0,2,64,5000,4.4,174,True
OP896MP0IKHW7NAFAMZ,oppo a17k,Oppo,13589,6.56,3,64,5000,4.5,37,True
TE685MP1YBG1ONAFAMZ,tecno pop  7,Tecno,12150,6.6,2,64,5000,4.4,71,True
OP896MP01TOFFNAFAMZ,oppo a17k,Oppo,13999,6.56,3,64,5000,4.2,45,True
IN213MP2DZW8MNAFAMZ,infinix smart 7 hd,Infinix,11599,7.0,2,64,5000,4.3,125,True
TE685MP2RTP7WNAFAMZ,tecno spark 10c ,Tecno,17399,6.6,8,128,5000,4.4,63,True
TE685MP3939RGNAFAMZ,tecno spark 10c ,Tecno,16399,6.6,4,128,5000,4.3,130,True
XI996MP1QBDYXNAFAMZ,xiaomi redmi a2+,XIAOMI,12999,6.52,2,32,5000,4.7,38,True
OP896MP24KJGUNAFAMZ,oppo a18,Oppo,17999,6.6,4,128,5000,4.7,18,True
SA948MP1PN4I7NAFAMZ,samsung galaxy a14,Samsung,24999,6.6,4,128,5000,4.3,18,False
IN213MP2TH5YUNAFAMZ,infinix smart 7 hd,Infinix,11549,7.0,2,64,5000,4.5,49,True
UM548MP0RCUMTNAFAMZ,umidigi power 5s 4gb,UMIDIGI,9312,6.53,4,32,6150,4.2,6,True
TE685MP2TZTCLNAFAMZ,tecno spark 10c ,Tecno,16399,6.6,4,128,5000,4.1,80,True
TE685MP31VIGTNAFAMZ,tecno camon 20  6.67-inch 256gb+8gb ram-64 mp-battery-5000mah-+all gifts,Tecno,28599,6.67,8,256,5000,4.4,39,False
XI996MP2UWK5INAFAMZ,xiaomi redmi 12c,XIAOMI,17999,6.71,4,128,5000,4.2,15,False
IN213MP2DH7NKNAFAMZ,infinix hot 30i,Infinix,16399,6.56,4,128,5000,4.4,136,True
TE685MP21LPJYNAFAMZ,tecno spark 10c,Tecno,17298,6.6,4,128,5000,4.7,20,False
XI996MP2OUJ21NAFAMZ,xiaomi redmi a2+,XIAOMI,12999,6.52,2,32,5000,4.3,27,True
FR407MP20EKMMNAFAMZ,freeyond f9,Freeyond,13577,6.52,3,128,5000,4.0,278,True
IT910MP35KAP4NAFAMZ,itel a04,Itel,8499,6.3,2,32,4000,3.8,22,False
SA948MP2ABCNONAFAMZ,samsung galaxy a14,Samsung,20399,6.6,4,64,5000,3.2,5,False
MA541MP2SAH45NAFAMZ,maxfone max 80 plus,Maxfone,7789,6.52,2,16,5075,4.1,29,False
TE685MP33QDBGNAFAMZ,tecno spark 10c ,Tecno,17399,6.6,8,128,5000,4.2,56,True
IN213MP2GURXYNAFAMZ,infinix smart 7 plus,Infinix,12549,6.6,3,64,6000,4.3,55,True
SA948MP21LBC0NAFAMZ,samsung galaxy a04,Samsung,16899,6.5,4,64,5000,4.4,98,True
UM548MP0HTWYDNAFAMZ,umidigi power 5s 4gb,UMIDIGI,9370,6.53,4,32,6150,4.8,4,True
IN213MP37UBI8NAFAMZ,infinix hot 30 play,Infinix,17999,6.82,8,128,6000,4.2,91,True
FR407MP1XGVUENAFAMZ,freeyond f9,Freeyond,13577,6.52,3,128,5000,3.9,28,True
FR407MP28ZE0ANAFAMZ,freeyond f9,Freeyond,12999,6.52,4,64,5000,4.5,43,True
IN213MP2PB4QENAFAMZ,infinix smart 7 hd,Infinix,11599,7.0,2,64,5000,4.5,53,True
TE685MP2PLBI0NAFAMZ,tecno spark 10 pro,Tecno,22999,6.8,8,128,5000,4.3,31,False
IT910MP1UTO56NAFAMZ,itel a18,Itel,6595,5.0,1,32,2400,3.8,42,False
IN213MP35WAKFNAFAMZ,infinix smart 7 hd,Infinix,11549,7.0,2,64,5000,5.0,3,True
XI996MP23ZV7SNAFAMZ,xiaomi redmi a2+,XIAOMI,11599,6.52,3,64,5000,4.0,33,True
IN213MP359DDYNAFAMZ,infinix smart 7 hd,Infinix,11599,7.0,2,64,5000,4.4,174,True
OP896MP0IKHW7NAFAMZ,oppo a17k,Oppo,13589,6.56,3,64,5000,4.5,37,True
TE685MP1YBG1ONAFAMZ,tecno pop  7,Tecno,12150,6.6,2,64,5000,4.4,71,True
OP896MP01TOFFNAFAMZ,oppo a17k,Oppo,13999,6.56,3,64,5000,4.2,45,True
IN213MP2DZW8MNAFAMZ,infinix smart 7 hd,Infinix,11599,7.0,2,64,5000,4.3,125,True
TE685MP2RTP7WNAFAMZ,tecno spark 10c ,Tecno,17399,6.6,8,128,5000,4.4,63,True
TE685MP3939RGNAFAMZ,tecno spark 10c ,Tecno,16399,6.6,4,128,5000,4.3,130,True
XI996MP1QBDYXNAFAMZ,xiaomi redmi a2+,XIAOMI,12999,6.52,2,32,5000,4.7,38,True
OP896MP24KJGUNAFAMZ,oppo a18,Oppo,17999,6.6,4,128,5000,4.7,18,True
SA948MP1PN4I7NAFAMZ,samsung galaxy a14,Samsung,24999,6.6,4,128,5000,4.3,18,False
IN213MP2TH5YUNAFAMZ,infinix smart 7 hd,Infinix,11549,7.0,2,64,5000,4.5,49,True
UM548MP0RCUMTNAFAMZ,umidigi power 5s 4gb,UMIDIGI,9312,6.53,4,32,6150,4.2,6,True
TE685MP2TZTCLNAFAMZ,tecno spark 10c ,Tecno,16399,6.6,4,128,5000,4.1,80,True
TE685MP31VIGTNAFAMZ,tecno camon 20  6.67-inch 256gb+8gb ram-64 mp-battery-5000mah-+all gifts,Tecno,28599,6.67,8,256,5000,4.4,39,False
XI996MP2UWK5INAFAMZ,xiaomi redmi 12c,XIAOMI,17999,6.71,4,128,5000,4.2,15,False
IN213MP2DH7NKNAFAMZ,infinix hot 30i,Infinix,16399,6.56,4,128,5000,4.4,136,True
TE685MP21LPJYNAFAMZ,tecno spark 10c,Tecno,17298,6.6,4,128,5000,4.7,20,False
XI996MP2OUJ21NAFAMZ,xiaomi redmi a2+,XIAOMI,12999,6.52,2,32,5000,4.3,27,True
FR407MP20EKMMNAFAMZ,freeyond f9,Freeyond,13577,6.52,3,128,5000,4.0,278,True
IT910MP35KAP4NAFAMZ,itel a04,Itel,8499,6.3,2,32,4000,3.8,22,False
SA948MP2ABCNONAFAMZ,samsung galaxy a14,Samsung,20399,6.6,4,64,5000,3.2,5,False
MA541MP2SAH45NAFAMZ,maxfone max 80 plus,Maxfone,7789,6.52,2,16,5075,4.1,29,False
TE685MP33QDBGNAFAMZ,tecno spark 10c ,Tecno,17399,6.6,8,128,5000,4.2,56,True
IN213MP2GURXYNAFAMZ,infinix smart 7 plus,Infinix,12549,6.6,3,64,6000,4.3,55,True
SA948MP21LBC0NAFAMZ,samsung galaxy a04,Samsung,16899,6.5,4,64,5000,4.4,98,True
UM548MP0HTWYDNAFAMZ,umidigi power 5s 4gb,UMIDIGI,9370,6.53,4,32,6150,4.8,4,True
IN213MP37UBI8NAFAMZ,infinix hot 30 play,Infinix,17999,6.82,8,128,6000,4.2,91,True
FR407MP1XGVUENAFAMZ,freeyond f9,Freeyond,13577,6.52,3,128,5000,3.9,28,True
FR407MP28ZE0ANAFAMZ,freeyond f9,Freeyond,12999,6.52,4,64,5000,4.5,43,True
IN213MP2PB4QENAFAMZ,infinix smart 7 hd,Infinix,11599,7.0,2,64,5000,4.5,53,True
TE685MP2PLBI0NAFAMZ,tecno spark 10 pro,Tecno,22999,6.8,8,128,5000,4.3,31,False
IT910MP1UTO56NAFAMZ,itel a18,Itel,6595,5.0,1,32,2400,3.8,42,False
IN213MP35WAKFNAFAMZ,infinix smart 7 hd,Infinix,11549,7.0,2,64,5000,5.0,3,True
NO891MP33B9YPNAFAMZ,nokia c12,Nokia,11599,6.3,2,64,3000,4.4,9,True
SA948MP1VR81PNAFAMZ,samsung galaxy a24 4g,Samsung,29999,6.5,4,128,5000,4.7,7,True
SA948MP2HPU12NAFAMZ,samsung galaxy a14 4g,Samsung,20099,6.6,4,64,5000,4.7,11,True
TE685MP2ULQ95NAFAMZ,tecno camon 20,Tecno,28499,6.67,8,256,5000,4.1,34,True
SA948MP36O82ONAFAMZ,samsung galaxy a04s,Samsung,18820,6.5,4,64,5000,4.6,33,True
TE685MP2L4TIKNAFAMZ,tecno spark 10 ,Tecno,18999,6.6,8,128,5000,3.9,14,True
IT910MP2PRN3NNAFAMZ,itel a04,Itel,8500,6.3,2,32,4000,3.9,15,False
IT910MP1SFBRWNAFAMZ,itel a04 4g,Itel,8500,6.3,2,32,4000,4.6,7,False
TE685MP2FTCM5NAFAMZ,tecno spark 10c,Tecno,17299,6.6,8,128,5000,5.0,1,False
TE685MP2J74J6NAFAMZ,"tecno pop 7  6.6"" display 2gb ram + 64gb rom",Tecno,12899,6.6,2,64,5000,4.5,10,False
IN213MP2S8WXENAFAMZ,"infinix smart 7 plus 6.6"" hd+",Infinix,13990,6.6,3,64,6000,4.1,61,False
SA948MP2IUVVKNAFAMZ,samsung galaxy a04s,Samsung,20749,6.5,4,128,5000,4.2,26,True
TE685MP1Y1OLFNAFAMZ,"tecno pop 7 pro 6.6"" 3gb ram + 64gb rom  13mp ",Tecno,14499,6.6,3,64,5000,4.0,25,False
XI996MP2UMBV7NAFAMZ,xiaomi redmi a2 plus,XIAOMI,12999,6.52,2,32,5000,4.3,12,False
IT910MP1UB9HHNAFAMZ,"itel s23-6.6""hd+ 90hz-128/4gb(up to 8gb)-50mp-5000mah-4g lte-android 12 sply""",Itel,13350,6.6,4,8,5000,4.0,1,False
TE685MP2109Y6NAFAMZ,tecno spark 10c,Tecno,16999,6.6,4,128,5000,4.1,14,False
SA948MP0JDMN3NAFAMZ,samsung galaxy a03 core,Samsung,12499,6.5,2,32,5000,4.3,13,False
IN213MP1YKEDANAFAMZ,"infinix smart 7 hd 6.6"" hd+",Infinix,12999,7.0,2,64,5000,4.4,9,False
UM548MP0U5X2YNAFAMZ,umidigi power 5,UMIDIGI,10583,6.53,3,64,6150,4.3,27,True
IN213MP2KER4BNAFAMZ,infinix hot 30i,Infinix,16395,6.6,4,128,5000,4.5,12,False
TE685MP32VUH4NAFAMZ,tecno spark 10,Tecno,19999,6.6,8,128,5000,4.6,14,False
IN213MP1UV1RZNAFAMZ,infinix smart 7 hd,Infinix,11549,7.0,2,64,5000,3.7,3,True
IN213MP2LOIIENAFAMZ,"infinix smart 7 plus 6.6"" hd+",Infinix,13999,6.6,3,64,6000,4.3,10,False
TE685MP2UY7Y0NAFAMZ,tecno spark 10 pro,Tecno,22699,6.8,8,128,5000,4.2,13,False
IT910MP16JZRVNAFAMZ,itel a18,Itel,7499,5.0,1,32,2400,3.2,9,False
IT910MP1UNTASNAFAMZ,itel a60s,Itel,10995,6.6,8,64,5000,0.0,0,False
IT910MP260Y0ANAFAMZ,"itel a60 .. 6.6""....32gb rom+2gb ram...5000mah.+ good accessories",Itel,9899,6.6,2,32,5000,4.8,4,False
IT910MP1ENHLNNAFAMZ,itel a18,Itel,6599,5.0,1,32,2400,4.8,6,False
IN213MP1PNVGGNAFAMZ,infinix hot 30i,Infinix,16399,6.56,4,128,5000,4.2,84,True
XI996MP2S9292NAFAMZ,xiaomi redmi 12c,XIAOMI,16999,6.71,3,64,5000,4.1,118,False
XI996MP2ND543NAFAMZ,xiaomi redmi a2 plus,XIAOMI,13999,6.52,3,64,5000,0.0,0,False
SA948MP2NZNKONAFAMZ,samsung galaxy a14,Samsung,19699,6.6,4,64,5000,4.7,9,False
IT910MP2J5ICJNAFAMZ,"itel s23 6.6""",Itel,14799,6.6,8,128,5000,4.2,9,False
UM548MP0OT0MYNAFAMZ,umidigi power 5,UMIDIGI,10583,6.53,3,64,6150,4.3,3,True
IT910MP310IHVNAFAMZ,"itel s23 6.6""",Itel,14699,6.6,8,128,5000,4.5,2,False
XI996MP1WWQHYNAFAMZ,xiaomi redmi 12c,XIAOMI,14999,6.71,3,64,5000,4.5,57,False
SA948MP3ATXIENAFAMZ,samsung galaxy a14 4g,Samsung,20099,6.6,4,64,5000,4.6,20,True
UM548MP16O0SANAFAMZ,umidigi power 5,UMIDIGI,10583,6.53,3,64,6150,4.2,20,True
IN213MP2G5TCINAFAMZ,"infinix smart 7 plus 6.6"" hd+",Infinix,13990,6.6,3,64,6000,4.4,12,False
SA948MP1BAUWVNAFAMZ,samsung galaxy a03 core,Samsung,12299,6.5,2,32,5000,4.3,37,False
IN213MP25BVXLNAFAMZ,infinix hot 30 play,Infinix,19499,6.82,8,128,6000,3.5,6,False
XI996MP2LIP4ZNAFAMZ,xiaomi redmi a2 plus,XIAOMI,12580,6.52,3,64,5000,4.6,7,False
TE685MP2T83MHNAFAMZ,tecno pop 7 pro,Tecno,13999,6.6,3,64,5000,4.6,5,False
RE851MP1XXEPTNAFAMZ,realme c30s,Realme,12685,6.5,3,64,5000,4.1,12,False
TE685MP22S9FJNAFAMZ,tecno spark 10 pro,Tecno,26499,6.8,16,256,5000,0.0,0,False
XI996MP2ROUH2NAFAMZ,xiaomi redmi 12c,XIAOMI,18999,6.71,4,128,5000,4.2,18,False
SA948MP0512YNNAFAMZ,samsung galaxy a03 core,Samsung,11999,6.5,2,32,5000,4.3,9,False
SA948MP0U3NQQNAFAMZ,samsung galaxy a03 core,Samsung,12299,6.5,2,32,5000,4.8,5,False
OP896MP1Y6DLFNAFAMZ,oppo a78,Oppo,33999,6.43,8,256,5000,4.5,2,False
OP896MP1Y6DLFNAFAMZ,oppo a78,Oppo,33999,6.43,8,256,5000,4.5,2,False
SA948MP2DHZFKNAFAMZ,samsung galaxy a04e,Samsung,13499,6.5,3,32,5000,4.3,23,True
TE685MP333PBZNAFAMZ,tecno spark 10 pro,Tecno,26999,6.8,16,256,5000,0.0,0,False
SA948MP1BOGIJNAFAMZ,samsung galaxy a04,Samsung,16499,6.5,4,64,5000,4.2,27,False
TE685MP381R94NAFAMZ,tecno spark 10 pro,Tecno,23399,6.8,8,128,5000,4.3,20,False
IN213MP37WRXLNAFAMZ,infinix hot 30 play,Infinix,19499,6.82,8,128,6000,5.0,1,False
XI996MP23ZDFONAFAMZ,xiaomi redmi 12c,XIAOMI,14999,6.71,3,64,5000,4.5,12,False
TE685MP1QWVCBNAFAMZ,tecno spark 10,Tecno,19699,6.6,8,128,5000,4.0,24,False
TE685MP2DLX9RNAFAMZ,tecno pop 7,Tecno,12200,6.6,2,64,5000,4.1,11,False
IN213MP2MNDG6NAFAMZ,infinix smart 7 plus,Infinix,13295,6.6,3,64,6000,4.1,30,False
XI996MP2XLYP2NAFAMZ,xiaomi redmi 12c,XIAOMI,15499,6.71,3,64,5000,3.9,95,False
IN213MP2VC7SWNAFAMZ,infinix hot 30i,Infinix,16399,6.56,4,128,5000,4.5,52,True
TE685MP39Y8YZNAFAMZ,"tecno spark 10c ips lcd display 6.6"" (128gb+4gb ram) dual sim 5000mah",Tecno,16499,6.6,4,128,5000,4.3,47,False
TE685MP2CWY1QNAFAMZ,tecno spark 10c,Tecno,17299,6.6,4,128,5000,4.7,7,False
SA948MP2DMEBANAFAMZ,samsung galaxy a34 5g,Samsung,43449,6.6,6,128,5000,4.2,5,True
TE685MP301R2GNAFAMZ,tecno camon 20,Tecno,28399,6.67,8,256,5000,5.0,3,False
TE685MP1Q0IFENAFAMZ,tecno camon 20,Tecno,28299,6.67,8,256,5000,4.5,2,False
SA948MP1REETFNAFAMZ,samsung galaxy a04s,Samsung,18720,6.5,4,64,5000,4.5,2,True
UM548MP08FHB9NAFAMZ,umidigi a11s 4gb,UMIDIGI,10572,6.53,4,32,5150,5.0,2,True
OP896MP35ED9LNAFAMZ,oppo a78,Oppo,33999,6.43,8,256,5000,4.5,4,True
IT910MP2C9MC3NAFAMZ,"itel s23 6.6"" display",Itel,13995,6.6,8,128,5000,5.0,1,False
RE851MP2LOIVGNAFAMZ,realme c30s,Realme,13299,6.5,3,64,5000,5.0,4,False
TE685MP2HKTRDNAFAMZ,tecno camon 20,Tecno,27999,6.67,8,256,5000,5.0,5,False
OP896MP37TZ7UNAFAMZ,"oppo oppo a58 6.72""ips lcd (6gb ram/128gb)",Oppo,24950,6.72,6,128,5000,5.0,1,False
UM548MP2Y3CN7NAFAMZ,umidigi g1,UMIDIGI,9176,6.52,2,32,5150,4.2,5,True
IT910MP00A7TNNAFAMZ,itel a18,Itel,7129,5.0,1,32,2400,4.8,4,False
IT910MP1UQQJNNAFAMZ,"itel s23 6.6""",Itel,14399,6.6,8,128,5000,0.0,0,False
IT910MP2UY9BGNAFAMZ,"itel a60 .. 6.6""....32gb rom+2gb ram...5000mah.+offers",Itel,9999,6.6,2,32,5000,5.0,1,False
TE685MP22M5OXNAFAMZ,tecno camon 20,Tecno,28799,6.67,8,256,5000,5.0,1,False
IT910MP2COOAINAFAMZ,itel a18,Itel,6595,5.0,1,32,2400,3.5,2,False
SA948MP1BZPZ3NAFAMZ,samsung galaxy a03 core,Samsung,11448,6.5,2,32,5000,4.5,25,False
SA948MP1WG0HKNAFAMZ,samsung galaxy a04,Samsung,16899,6.5,4,64,5000,0.0,0,True
SA948MP2IKNWVNAFAMZ,samsung galaxy a03 core,Samsung,11990,6.5,2,32,5000,2.3,3,False
TE685MP22D6VCNAFAMZ,"tecno pop 7 pro 6.6"" hd+",Tecno,14199,6.6,4,64,5000,5.0,1,True
RE346MP370ININAFAMZ,badili - oppo a15s (renewed),Renewed,13999,6.52,6,128,4230,4.0,1,True
IN213MP38QWA1NAFAMZ,"infinix smart 7 hd 6.6"" hd+",Infinix,12990,7.0,2,64,5000,4.7,3,False
RE851MP2R1FBGNAFAMZ,realme c30s,Realme,12799,6.5,3,64,5000,4.0,5,False
NO891MP1EKDCZNAFAMZ,nokia c1 2nd edition,Nokia,8799,5.45,1,16,2500,4.1,61,False
XI996MP29WWTINAFAMZ,xiaomi redmi 12c,XIAOMI,18999,6.71,4,128,5000,1.7,3,False
SA948MP2UOFP0NAFAMZ,samsung galaxy a04e,Samsung,14999,6.5,3,64,5000,4.5,4,False
NO891MP09HGMBNAFAMZ,nokia c1 2nd edition,Nokia,8499,5.45,1,16,2500,4.6,14,False
TE685MP1QA5Q7NAFAMZ,tecno spark 10 pro,Tecno,25999,6.8,16,256,5000,5.0,1,False
SA948MP1EWORKNAFAMZ,samsung galaxy a03 core,Samsung,11448,6.5,2,32,5000,4.1,7,False
IT910MP1VXLR7NAFAMZ,"itel s23 6.6""",Itel,14899,6.6,8,128,5000,0.0,0,False
TE685MP2ALNKTNAFAMZ,tecno pop 7 pro,Tecno,14100,6.56,4,64,5000,0.0,0,False
XI996MP392WHENAFAMZ,xiaomi redmi note 12,XIAOMI,25490,6.67,4,128,5000,4.1,13,False
SA948MP38DZNNNAFAMZ,samsung galaxy a04s,Samsung,20749,6.5,4,128,5000,5.0,2,True
SA948MP06VIXRNAFAMZ,samsung galaxy a03 core,Samsung,12699,6.5,2,32,5000,4.4,21,False
TE685MP2PF1R2NAFAMZ,tecno spark 10c,Tecno,17699,6.6,4,128,5000,5.0,1,False
SO146MP2G5TOTNAFAMZ,sowhat find 30,Sowhat,8499,6.6,2,32,4000,1.5,2,True
SA948MP2GOLY3NAFAMZ,samsung galaxy a24 4g,Samsung,31999,6.5,6,128,5000,4.5,4,False
SA948MP2ABP7FNAFAMZ,samsung galaxy a23,Samsung,33899,6.6,8,128,5000,0.0,0,False
OP896MP2VC555NAFAMZ,oppo a78,Oppo,32999,6.43,8,256,5000,0.0,0,True
SO146MP39XHXPNAFAMZ,sowhat find 30,Sowhat,8499,6.6,2,32,4000,0.0,0,True
OP896MP351L5FNAFAMZ,oppo a78,Oppo,33999,6.43,8,256,5000,0.0,0,False
TE685MP22X8SGNAFAMZ,"tecno pop 7 6.6"" display 2gb    rm + 64gb rom",Tecno,12500,6.6,2,64,5000,3.0,2,False
IT910MP1VFB93NAFAMZ,"itel s23 6.6"" display",Itel,13995,6.6,8,128,5000,4.2,5,False
IN213MP3AQD7INAFAMZ,infinix smart 7 hd,Infinix,12999,7.0,2,64,5000,4.8,8,False
SA948MP35MNKONAFAMZ,samsung galaxy a34 5g,Samsung,43999,6.6,6,128,5000,0.0,0,False
XI996MP2058IRNAFAMZ,xiaomi redmi a2 plus,XIAOMI,13799,6.52,3,64,5000,5.0,1,False
TE685MP2HWV4PNAFAMZ,tecno pop 7 pro,Tecno,14299,6.6,3,64,5000,0.0,0,False
XI996MP1X62HVNAFAMZ,xiaomi redmi a2 plus,XIAOMI,13499,6.52,3,64,5000,3.3,3,False
TE685MP2R3SIPNAFAMZ,tecno camon 20,Tecno,28299,6.67,8,256,5000,5.0,1,False
OP896MP2F0J54NAFAMZ,oppo a17k,Oppo,15999,6.56,3,64,5000,4.8,4,False
TE685MP2OK0Z6NAFAMZ,"tecno pop 7  6.6"" display 2gb ram + 64gb rom",Tecno,13299,6.6,2,64,5000,4.1,10,False
IT910MP23QUV2NAFAMZ,itel a04,Itel,9399,6.3,2,32,4000,5.0,2,False
XI996MP242EABNAFAMZ,xiaomi redmi a2 plus,XIAOMI,13299,6.52,2,32,5000,5.0,1,False
IT910MP2VEGYDNAFAMZ,"itel s23 6.6""",Itel,14599,6.6,8,128,5000,0.0,0,False
IT910MP2EA4AFNAFAMZ,itel a60s,Itel,12300,6.6,4,128,5000,0.0,0,False
SA948MP2OT7XCNAFAMZ,samsung galaxy a04s,Samsung,20749,6.5,4,128,5000,0.0,0,True
XI996MP1OCJWZNAFAMZ,xiaomi redmi a2 plus,XIAOMI,12650,6.52,2,32,5000,5.0,1,False
TE685MP2WDFPXNAFAMZ,"tecno pop 7  6.6"" display 64gb rom + up to 4gb ram",Tecno,12999,6.6,4,64,5000,0.0,0,False
IT910MP3509K3NAFAMZ,itel a60s,Itel,12999,6.6,4,128,5000,3.0,1,True
TE685MP2OI7GKNAFAMZ,"tecno pop 7 pro 6.6"" 4gb + 64gb 13mp ",Tecno,15490,6.6,4,64,5000,4.2,6,False
TE685MP31GDPHNAFAMZ,tecno camon 20 pro,Tecno,35999,6.67,8,256,5000,5.0,3,False
SA948MP17NHNANAFAMZ,samsung galaxy a33 5g,Samsung,43790,6.4,6,128,5000,4.8,6,False
IT910MP2ZZTOPNAFAMZ,"itel a60s 6.6"" hd+",Itel,10900,6.6,8,64,5000,0.0,0,False
OP896MP1O45GZNAFAMZ,oppo a78,Oppo,34699,6.43,8,256,5000,0.0,0,False
SA948MP2QIZIBNAFAMZ,samsung galaxy a14 4g,Samsung,20299,6.6,4,64,5000,5.0,4,True
OA096MP34LC7NNAFAMZ,oale db1,Oale,6499,6.55,1,8,3750,4.0,1,False
XI996MP234PJ8NAFAMZ,xiaomi redmi a2+,XIAOMI,13499,6.52,3,64,5000,0.0,0,True
TE685MP1TCQX7NAFAMZ,tecno spark 10,Tecno,19399,6.6,8,128,5000,5.0,1,False
TE685MP265YJJNAFAMZ,tecno spark 10 pro,Tecno,24999,6.8,8,256,5000,4.0,4,False
SA948MP0X0OLUNAFAMZ,samsung galaxy a03 core,Samsung,11999,6.5,2,32,5000,4.5,2,False
XI996MP27ONK6NAFAMZ,xiaomi redmi 12c,XIAOMI,18999,6.71,4,128,5000,0.0,0,False
TE685MP31HZLKNAFAMZ,tecno spark 10 pro,Tecno,23299,6.8,8,128,5000,4.5,11,False
TE685MP2KZOSLNAFAMZ,tecno spark 10 pro,Tecno,25600,6.8,8,256,5000,0.0,0,False
SA948MP2QPTOGNAFAMZ,samsung galaxy a14,Samsung,20399,6.6,4,64,5000,3.8,4,False
SO146MP2GR9ALNAFAMZ,sowhat find 40,Sowhat,8499,6.6,2,32,4000,0.0,0,True
IT910MP2I19DQNAFAMZ,itel a04,Itel,9199,6.3,2,32,4000,3.0,2,False
OP896MP2IU1FTNAFAMZ,oppo reno10 pro 5g,Oppo,69999,6.7,12,256,4600,0.0,0,True
IN213MP2J3LL7NAFAMZ,infinix smart 7 hd dual sim 4g - 6.6'' - 64gb+ 2gb up to 4gb ram  - 5000mah ce15,Infinix,13299,7.0,2,64,5000,0.0,0,False
SA948MP2EMBERNAFAMZ,samsung galaxy a14 4g,Samsung,20099,6.6,4,64,5000,0.0,0,True
IT910MP2IK2QRNAFAMZ,"itel s23 6.6""",Itel,14399,6.6,8,128,5000,3.0,1,False
SA948MP1TKDUZNAFAMZ,samsung galaxy a24 4g,Samsung,31999,6.5,4,128,5000,4.5,2,False
SA948MP2UHHEVNAFAMZ,samsung galaxy a23,Samsung,32299,6.6,6,128,5000,4.3,3,False
OP896MP2FDQOQNAFAMZ,oppo a98 5g,Oppo,44999,6.72,8,256,5000,0.0,0,True
SA948MP2AO9UGNAFAMZ,samsung galaxy a04,Samsung,16899,6.5,4,64,5000,0.0,0,True
SA948MP1OK8FFNAFAMZ,samsung galaxy a34 5g,Samsung,42799,6.6,6,128,5000,5.0,1,False
SA948MP2CGJF6NAFAMZ,samsung galaxy a04e,Samsung,15799,6.5,3,32,5000,5.0,1,False
OP896MP27XCQGNAFAMZ,oppo  a78,Oppo,32999,6.43,8,256,5000,0.0,0,False
TE685MP1X8V11NAFAMZ,"tecno pop 7  6.6"" display 64gb rom + up to 4gb ram",Tecno,13299,6.6,4,64,5000,4.5,2,False
OP896MP1QCZIUNAFAMZ,oppo a17k,Oppo,17000,6.56,3,64,5000,3.5,2,False
IN213MP1VK7TENAFAMZ,"infinix smart 7 plus 6.6"" hd+",Infinix,14999,6.6,3,64,6000,3.9,8,False
TE685MP2UVHTBNAFAMZ,"tecno pop 7 6.6"" hd+",Tecno,12200,6.6,2,64,5000,4.0,1,False
OP896MP2RGHBDNAFAMZ,oppo a17,Oppo,20600,6.56,4,64,5000,5.0,1,False
IT910MP37RLMWNAFAMZ,itel a04,Itel,8895,6.3,2,32,4000,3.0,2,False
SA948MP2T66B8NAFAMZ,samsung galaxy a14,Samsung,20590,6.6,4,64,5000,0.0,0,False
UM548MP01VPNPNAFAMZ,umidigi a11s 4gb,UMIDIGI,10680,6.53,4,32,5150,0.0,0,True
TE685MP1ZB2YZNAFAMZ,tecno spark 10,Tecno,19699,6.6,8,128,5000,5.0,2,False
SA948MP1SKRTQNAFAMZ,samsung galaxy a14 4g,Samsung,20099,6.6,4,64,5000,0.0,0,True
TE685MP27AGFMNAFAMZ,"tecno pop 7  6.6"" display 2gb ram + 64gb rom",Tecno,13299,6.6,2,64,5000,5.0,1,False
SA948MP16JMAANAFAMZ,samsung galaxy a03 core,Samsung,11448,6.5,2,32,5000,4.5,4,False
HO358MP27CPTQNAFAMZ,honor x9a,Honor,41499,6.67,8,256,5100,0.0,0,False
SA948MP35LJBCNAFAMZ,samsung galaxy a04e,Samsung,14290,6.5,3,32,5000,5.0,2,False
IN213MP2GFEIMNAFAMZ,"infinix smart 7 hd 6.6"" hd+ 64gb + 2gb",Infinix,13399,7.0,2,64,5000,0.0,0,False
TE685MP20WOTLNAFAMZ,tecno camon 20,Tecno,28299,6.67,8,256,5000,0.0,0,False
HO358MP2DB1VINAFAMZ,honor x9a,Honor,41499,6.67,8,256,5100,0.0,0,False
TE685MP32N8X1NAFAMZ,tecno camon 20 pro,Tecno,35999,6.67,8,256,5000,0.0,0,False
IN213MP36GG3SNAFAMZ,infinix smart 7 hd,Infinix,12450,7.0,2,64,5000,3.9,8,False
TE685MP1OQMHLNAFAMZ,tecno pop 7 pro,Tecno,14699,6.6,3,64,5000,5.0,1,False
IT910MP2TW9LDNAFAMZ,"itel a18 5.0"" display size ",Itel,6600,5.0,1,32,2400,5.0,2,False
IT910MP321Y0WNAFAMZ,itel a18,Itel,6599,5.0,1,32,2400,4.6,5,False
TE685MP2OXZLDNAFAMZ,tecno spark 10c ,Tecno,18500,6.6,8,128,5000,4.5,2,False
TE685MP38QMDUNAFAMZ,"tecno pop 7  6.6"" display 2gb ram + 64gb rom",Tecno,12899,6.6,2,64,5000,3.0,4,False
TE685MP2O4AO8NAFAMZ,tecno spark 10c,Tecno,16685,6.6,4,128,5000,4.2,9,False
SO146MP2ND63XNAFAMZ,sowhat find 40,Sowhat,8499,6.6,2,32,4000,1.0,2,True
TE685MP2L9XKCNAFAMZ,tecno spark 10c,Tecno,17200,6.6,4,128,5000,0.0,0,False
TE685MP1OLPUGNAFAMZ,"tecno pop 7 6.6"" display 2gb ram + 64gb rom",Tecno,12600,6.6,2,64,5000,0.0,0,False
OP896MP2XAYABNAFAMZ,oppo a78,Oppo,33799,6.43,8,256,5000,5.0,1,False
RE851MP2DCGEKNAFAMZ,realme c30s,Realme,13399,6.5,3,64,5000,3.8,14,False
IT910MP1UHPJONAFAMZ,"itel s23 6.6"" 90hz hd+",Itel,13220,6.6,8,128,5000,0.0,0,False
TE685MP1WF2UWNAFAMZ,tecno spark 10 pro,Tecno,22999,6.8,8,128,5000,5.0,2,False
SA948MP2GMBMHNAFAMZ,samsung galaxy a24 4g,Samsung,32999,6.5,6,128,5000,4.0,4,False
TE685MP1XGK35NAFAMZ,tecno camon 20 6.67-inch 256gb+8gb ram-64 mp-battery-5000mah,Tecno,27099,6.67,8,256,5000,3.0,2,False
IT910MP0VH0T7NAFAMZ,itel a18,Itel,7299,5.0,1,32,2400,0.0,0,False
IT910MP11SX1PNAFAMZ,"itel a18 5.0"" screen size",Itel,7280,5.0,1,32,2400,4.3,3,False
RE851MP3AFQG3NAFAMZ,realme c33 6.5'' display,Realme,19999,6.5,4,128,5000,5.0,2,False
XI996MP23DXTWNAFAMZ,xiaomi redmi 12c,XIAOMI,15999,6.71,3,64,5000,5.0,1,False
IN213MP2Z2A6MNAFAMZ,"infinix smart 7 plus 6.6"" hd+",Infinix,13449,6.6,3,64,6000,4.5,2,False
TE685MP37RSP5NAFAMZ,"tecno pop 7 pro 6.6""",Tecno,13485,6.6,3,64,5000,0.0,0,False
TE685MP36P6YRNAFAMZ,"tecno pop 7 pro 6.6"" display 3gb ram + 64gb rom  13mp ",Tecno,13999,6.6,3,64,5000,4.6,7,False
IT910MP1Q2ET3NAFAMZ,"itel s23 6.6"" display",Itel,14650,6.6,8,128,5000,4.5,2,False
IT910MP2D76ARNAFAMZ,"itel s23 6.6""",Itel,14399,6.6,8,128,5000,0.0,0,False
SA948MP2KKNGJNAFAMZ,samsung galaxy a14 4g,Samsung,20299,6.6,4,64,5000,0.0,0,True
SA948MP2MRNYENAFAMZ,samsung galaxy a14,Samsung,19999,6.6,4,64,5000,4.0,1,False
TE685MP2Y6II7NAFAMZ,tecno spark 10c,Tecno,17390,6.6,8,128,5000,4.0,1,False
XI996MP39IMSMNAFAMZ,xiaomi redmi 12c,XIAOMI,15899,6.71,3,64,5000,3.9,35,False
TE685MP36S5W8NAFAMZ,"tecno pop 7 pro 6.6""display +",Tecno,14000,6.6,3,64,5000,4.8,9,False
TE685MP1X6CLHNAFAMZ,tecno spark 10 pro,Tecno,25000,6.8,8,256,5000,5.0,3,False
SA948MP2EU0T5NAFAMZ,samsung galaxy a24 4g,Samsung,32999,6.5,6,128,5000,5.0,1,False
SA948MP2T8J6SNAFAMZ,samsung galaxy a14,Samsung,20299,6.6,4,64,5000,0.0,0,False
TE685MP38DXQYNAFAMZ,"tecno pop 7 6.6"" screen display (2gb + 64gb)8mp ",Tecno,12200,6.6,2,64,5000,4.3,21,False
XI996MP2OSDI6NAFAMZ,xiaomi redmi 12c,XIAOMI,22999,6.71,6,128,5000,0.0,0,False
SA948MP1R97SONAFAMZ,samsung galaxy a04e,Samsung,18999,6.5,4,128,5000,4.8,4,False
IT910MP1OCXFPNAFAMZ,"itel s23-6.6""hd+128 gb/4gb ram (up to 8gb)-50mp-5000mah-4g lte-watch & pods",Itel,14450,6.6,4,128,5000,0.0,0,False
IT910MP2I4LOLNAFAMZ,"itel s23 6.6""",Itel,13850,6.6,8,128,5000,5.0,1,False
OP896MP0V1W0CNAFAMZ,oppo a96,Oppo,36999,6.43,8,256,4500,0.0,0,False
TE685MP2KC8YGNAFAMZ,tecno spark 10 pro,Tecno,23695,6.8,8,128,5000,0.0,0,False
IT910MP37MWE6NAFAMZ,itel a04,Itel,9399,6.3,2,32,4000,4.0,1,False
XI996MP28T8P3NAFAMZ,xiaomi redmi note 12 pro,XIAOMI,42490,6.67,8,256,5000,0.0,0,False
SA948MP04Z4TRNAFAMZ,samsung galaxy f13,Samsung,20499,6.6,4,64,6000,4.2,14,False
SA948MP0BLQ1CNAFAMZ,samsung galaxy m33 5g,Samsung,33399,6.6,6,128,6000,4.5,33,False
TE685MP1ZPOISNAFAMZ,tecno camon 20 pro 4g mr doodle edition,Tecno,35299,6.67,8,256,5000,0.0,0,False
IN213MP28P9A1NAFAMZ,infinix hot 30i,Infinix,17500,6.56,4,128,5000,3.5,2,False
TE685MP2CRFCONAFAMZ,tecno spark 10 ,Tecno,17999,6.6,8,128,5000,4.2,28,True
TE685MP3217RPNAFAMZ,tecno spark 10 pro 5g,Tecno,22499,6.8,8,256,5000,4.6,8,True
TE685MP25IAFQNAFAMZ,tecno spark 10 5g,Tecno,22499,6.8,8,256,5000,3.3,3,True
TE685MP34TM2ZNAFAMZ,tecno spark 10c ,Tecno,16999,6.6,4,128,5000,4.1,24,True
TE685MP2J6YDRNAFAMZ,"tecno pop  7 6.6""hd+",Tecno,11499,6.6,2,64,5000,4.4,17,True
TE685MP35XNZSNAFAMZ,tecno spark 10 ,Tecno,17999,6.6,8,128,5000,0.0,0,True
TE685MP35WHG5NAFAMZ,tecno spark 10 ,Tecno,18349,6.6,8,128,5000,4.1,30,True
SA948MP1APFB3NAFAMZ,samsung galaxy a03 core,Samsung,11999,6.5,2,32,5000,4.6,36,False
TE685MP1XLM3GNAFAMZ,tecno spark 10 pro,Tecno,22199,6.8,8,128,5000,5.0,1,True
SA948MP2VIKDVNAFAMZ,samsung galaxy a14,Samsung,19999,6.6,4,64,5000,4.5,2,False
SA948MP277WB8NAFAMZ,samsung galaxy a14,Samsung,23899,6.6,4,128,5000,0.0,0,False
XI996MP30TCFCNAFAMZ,xiaomi redmi 12,XIAOMI,25499,6.7,8,256,5000,2.0,1,False
TE685MP2EQ7JFNAFAMZ,tecno spark 10,Tecno,19999,6.6,8,128,5000,4.1,33,False
VI088MP2UKNUQNAFAMZ,vivo y17s - 6.56'' display,Vivo,20499,6.56,6,128,5000,5.0,2,False
MA541MP2DY3KYNAFAMZ,maxfone maxfonemax 80plus : 5075mah inbuilt battery: 6.52-inch hd water drop screen : 2gb ram 16gb rom: rear fingerprint: dual sim smart phone,Maxfone,7780,6.52,2,16,5075,0.0,0,False
TE685MP2KYMA7NAFAMZ,"tecno pop 7 6.6"" display upto 4gb extended ram + 64gb rom",Tecno,12945,6.6,4,64,5000,5.0,1,False
FR407MP0ZLF6RNAFAMZ,freeyond f9,Freeyond,11590,6.52,2,64,5000,4.1,366,True
FR407MP1MTBS3NAFAMZ,freeyond f9,Freeyond,11590,6.52,2,64,5000,4.0,406,True
SA948MP20GZ8INAFAMZ,samsung galaxy a14 4g,Samsung,24995,6.6,4,128,5000,5.0,1,False
IN213MP2V08IWNAFAMZ,"infinix smart 8 6.6"" hd",Infinix,16699,6.6,4,128,5000,0.0,0,False
SA948MP2TNIINNAFAMZ,samsung galaxy m33 5g,Samsung,35999,6.6,6,128,6000,5.0,1,False
IN213MP1R49ATNAFAMZ,infinix hot 30 play,Infinix,18150,6.82,8,128,6000,5.0,1,False
XI996MP27D964NAFAMZ,xiaomi redmi a2+,XIAOMI,13499,6.52,3,64,5000,0.0,0,True
TE685MP2T7BF8NAFAMZ,"tecno pop 7 pro 6.6""",Tecno,14490,6.6,4,64,5000,5.0,1,False
VI088MP36B10UNAFAMZ,vivo y17s - 6.56'' display,Vivo,20899,6.56,6,128,5000,0.0,0,False
IT910MP1VC65FNAFAMZ,"itel s23 6.6""",Itel,14799,6.6,8,128,5000,4.5,4,False
IN213MP36KX35NAFAMZ,infinix hot 30 play,Infinix,18150,6.82,8,128,6000,5.0,2,False
IN213MP0MKHQFNAFAMZ,infinix hot 11 play,Infinix,15588,6.82,4,64,6000,0.0,0,False
MA541MP2DH7KMNAFAMZ,maxfone max 5x smart phones 6.1 inches water drop full screen -3200mah battery 8gb rom + 1gb ram,Maxfone,5880,6.1,1,8,3200,4.0,1,False
IT910MP0ZB1H5NAFAMZ,"itel a18 5.0"" screen display size",Itel,6550,5.0,1,32,2400,4.2,12,False
SA948MP2EMPU6NAFAMZ,samsung m14 5g,Samsung,29999,6.6,6,128,6000,0.0,0,False
TE685MP2O4NNTNAFAMZ,tecno camon 20 pro,Tecno,45999,6.67,8,256,5000,4.5,4,False
OP896MP2NPH68NAFAMZ,oppo a18,Oppo,19199,6.56,4,128,5000,0.0,0,False
XI996MP27SOH8NAFAMZ,xiaomi redmi 12,XIAOMI,24999,6.7,8,256,5000,0.0,0,False
SA948MP2H3YU5NAFAMZ,samsung galaxy f13,Samsung,23990,6.6,4,128,6000,5.0,11,False
SA948MP3430WKNAFAMZ,samsung galaxy a14,Samsung,20899,6.6,4,64,5000,5.0,2,False
MA541MP2BKU8JNAFAMZ,maxfone note 20,Maxfone,7999,6.6,2,16,3800,2.5,2,False
XI996MP22EWU6NAFAMZ,xiaomi redmi 12c,XIAOMI,18999,6.71,6,128,5000,0.0,0,False
OP896MP26XKT6NAFAMZ,oppo a18,Oppo,19299,6.56,4,128,5000,0.0,0,False
TE685MP39OWCFNAFAMZ,"tecno spark 10c ..display 6.6"".128gb+8gb ram..16mp//dual sim 5000mah..",Tecno,17800,6.6,8,128,5000,0.0,0,False
XI996MP2CWXKUNAFAMZ,xiaomi redmi 12c,XIAOMI,18999,6.71,4,128,5000,0.0,0,False
XI996MP313YCZNAFAMZ,xiaomi redmi a2 plus,XIAOMI,12399,6.52,2,32,5000,4.0,1,False
TE685MP2ENODFNAFAMZ,"tecno pop 7 pro display  6.6""",Tecno,13475,6.6,3,64,5000,0.0,0,False
TE685MP1NJRA1NAFAMZ,tecno pop 7 pro,Tecno,13899,6.6,3,64,5000,0.0,0,False
IN213MP2XXF9ONAFAMZ,infinix hot 30i,Infinix,16995,6.56,4,128,5000,0.0,0,False
TE685MP2EVIM0NAFAMZ,tecno spark 10 pro,Tecno,24999,6.8,8,256,5000,4.4,7,False
SA948MP2FK7LBNAFAMZ,samsung galaxy a04,Samsung,17399,6.5,4,64,5000,4.8,8,False
XI996MP2CBHZ2NAFAMZ,xiaomi redmi 12c,XIAOMI,18699,6.71,4,128,5000,4.7,3,False
XI996MP22SKAMNAFAMZ,xiaomi redmi 12c,XIAOMI,18999,6.71,4,128,5000,3.8,4,False
TE685MP1YM873NAFAMZ,tecno spark 10 pro,Tecno,26799,6.8,16,256,5000,0.0,0,False
XI996MP281GCJNAFAMZ,xiaomi redmi note 12 pro+ 5g,XIAOMI,65699,6.67,8,256,5000,0.0,0,False
SA948MP2LL9MVNAFAMZ,samsung galaxy f23 5g,Samsung,31500,6.6,6,128,5000,0.0,0,False
TE685MP29A79ANAFAMZ,"tecno spark 10c //disp 6.6""// 128gb+8gb ram// 16mp// 5000mah//ksly+sw+bt+ts",Tecno,19299,6.6,8,128,5000,4.5,2,False
SA948MP1PJXKNNAFAMZ,samsung galaxy f23 5g,Samsung,30800,6.6,6,128,5000,4.5,14,False
VI088MP30YHXONAFAMZ,vivo y17s - 6.56'' display,Vivo,20599,6.56,6,128,5000,0.0,0,False
TE685MP2X6FMHNAFAMZ,"tecno pop 7  6.6"" display + 64gb storage + up to 4gb ram",Tecno,13295,6.6,4,64,5000,2.0,1,False
TE685MP37CA6PNAFAMZ,tecno spark 10c ,Tecno,17800,6.6,8,128,5000,0.0,0,False
XI996MP1NSM98NAFAMZ,xiaomi redmi 12,XIAOMI,21699,6.7,4,128,5000,0.0,0,False
IN213MP243YUSNAFAMZ,infinix zero 30 5g,Infinix,55999,6.78,12,256,5000,5.0,1,False
XI996MP2DG80UNAFAMZ,xiaomi redmi 12c,XIAOMI,17999,6.71,4,128,5000,3.0,1,False
OP896MP23HJ5ANAFAMZ,oppo a18,Oppo,20299,6.56,4,128,5000,0.0,0,False
KG383MP2A1SA0NAFAMZ,"kgtel yolo 2 32gb rom 2gb ram 6.3"" hd screen 5000mah dual sim 3g lte network 8mp ai camera fingerprint unlocks smart phones",Kgtel,8499,6.3,2,32,5000,5.0,1,False
IN213MP35OYDWNAFAMZ,infinix zero 30 5g,Infinix,56000,6.78,9,256,5000,1.0,1,False
SA948MP2M80R8NAFAMZ,samsung galaxy a14,Samsung,20899,6.6,4,64,5000,0.0,0,False
TE685MP2F1CQTNAFAMZ,tecno spark 10 pro,Tecno,25500,6.8,8,256,5000,5.0,1,False
XI996MP307VMHNAFAMZ,xiaomi xiaomi 10a,XIAOMI,16990,6.53,6,128,5000,0.0,0,False
XI996MP2KFYWINAFAMZ,xiaomi redmi 12,XIAOMI,24599,6.79,8,256,5000,0.0,0,False
XI996MP382APSNAFAMZ,xiaomi redmi 12,XIAOMI,24490,6.79,8,256,5000,5.0,1,False
MA541MP2V421PNAFAMZ,"maxfone max 5x - 6.1"" - 8gb + 1gb ram (dual sim) - 3200mah - emerald green",Maxfone,6399,6.1,1,8,3200,0.0,0,False
IN213MP1WGATYNAFAMZ,infinix smart 7 plus,Infinix,13295,6.6,3,64,6000,0.0,0,False
IN213MP31UHIKNAFAMZ,infinix hot 30 play,Infinix,18150,6.82,8,128,6000,4.0,4,False
VI088MP1RZ7C4NAFAMZ,vivo  y17s - 6.56'' display,Vivo,20899,6.56,6,128,5000,0.0,0,False
OP896MP2E5OBANAFAMZ,oppo a18,Oppo,19990,6.56,4,128,5000,0.0,0,False
RE851MP1XV6OCNAFAMZ,realme c30s,Realme,13999,6.5,3,64,5000,4.0,3,False
TE685MP20TUVLNAFAMZ,tecno camon 20,Tecno,29699,6.67,8,256,5000,0.0,0,False
TE685MP3473SCNAFAMZ,tecno spark 10c,Tecno,18999,6.6,8,128,5000,0.0,0,False
SA948MP2UBF2WNAFAMZ,samsung galaxy a54 5g,Samsung,62999,6.4,8,256,5000,5.0,2,False
IN213MP0BSS3TNAFAMZ,infinix hot 20i,Infinix,16399,6.6,2,64,5000,1.0,2,False
VI724MP316SK8NAFAMZ,"villaon  v20 6.3"" 2gb ram+32gb storage 8mp camera-3000mah dual sim-smartphones shadow black",VILLAON,6499,6.3,2,32,3000,5.0,1,False
IT910MP2EPOPPNAFAMZ,"itel s23 6.6""",Itel,14299,6.6,8,128,5000,0.0,0,False
TE685MP2VMGOCNAFAMZ,tecno spark 10c ,Tecno,17500,6.6,4,128,5000,0.0,0,False
SA948MP2RM7HWNAFAMZ,samsung galaxy a14,Samsung,19999,6.6,4,64,5000,4.5,8,False
OP896MP2DXFWQNAFAMZ,oppo a38,Oppo,23299,6.56,4,128,5000,5.0,1,False
SA948MP1TIIW4NAFAMZ,samsung galaxy a14,Samsung,21490,6.6,4,64,5000,5.0,1,False
SA948MP2VP5NGNAFAMZ,samsung galaxy f13,Samsung,23299,6.6,4,128,6000,4.5,4,False
TE685MP1TW1D7NAFAMZ,tecno spark 10,Tecno,18798,6.6,8,128,5000,3.7,3,False
IN213MP20COPQNAFAMZ,infinix note 30,Infinix,27798,6.66,8,256,5000,5.0,1,False
TE685MP2711Y5NAFAMZ,tecno pop 7 pro,Tecno,13900,6.56,4,64,5000,0.0,0,False
IN213MP1YZHZANAFAMZ,infinix hot 30i,Infinix,17650,6.6,4,128,5000,5.0,1,False
IN213MP09PQS7NAFAMZ,infinix hot 11 play,Infinix,15299,6.82,4,64,6000,4.9,7,False
IN213MP1VEL85NAFAMZ,"infinix smart 7 hd 6.6"" hd+",Infinix,12999,7.0,2,64,5000,4.4,20,False
OP896MP2ED6CENAFAMZ,oppo a98 5g,Oppo,44899,6.72,8,256,5000,0.0,0,False
OP896MP3ARPS8NAFAMZ,oppo  a17k,Oppo,15700,6.56,3,64,5000,4.0,2,False
XI996MP1T8B2RNAFAMZ,xiaomi redmi a2+ (plus),XIAOMI,12499,6.52,2,32,5000,4.8,4,False
IN213MP1TIFVINAFAMZ,"infinix smart 7 plus 6.6""",Infinix,13450,6.6,3,64,6000,0.0,0,False
TE685MP2LICBUNAFAMZ,tecno camon 20,Tecno,27999,6.67,8,256,5000,0.0,0,False
XI996MP29SMHYNAFAMZ,xiaomi redmi 12c,XIAOMI,16499,6.71,3,64,5000,5.0,1,False
IN213MP2MZEDRNAFAMZ,"infinix smart 7 plus 6.6"" hd+",Infinix,14199,6.6,3,64,6000,1.0,2,False
TE685MP2JVPTQNAFAMZ,"tecno spark 10 6.6"" hd+ 128gb rom + 8gb ram 4g 5000mah+ gifts spa 7",Tecno,19999,6.6,8,128,5000,0.0,0,False
IN213MP2VPLMJNAFAMZ,infinix note 30 vip,Infinix,48199,6.67,12,256,5000,5.0,1,False
RE851MP1BG9FXNAFAMZ,"realme c25y 6.5""",Realme,19500,6.5,4,128,5000,4.9,7,False
TE685MP1VHHH6NAFAMZ,tecno camon 20 pro,Tecno,36599,6.67,8,256,5000,0.0,0,False
OP896MP1TW180NAFAMZ,oppo a98 5g 6.72-inch,Oppo,43500,6.72,8,256,5000,0.0,0,False
OP896MP24SPIYNAFAMZ,oppo a18,Oppo,19495,6.56,4,128,5000,0.0,0,False
SA948MP35A8VANAFAMZ,samsung galaxy a54,Samsung,59999,6.4,8,256,5000,0.0,0,False
SA948MP2RNOYQNAFAMZ,samsung galaxy f14 5g,Samsung,30999,6.6,6,128,6000,0.0,0,False
SA948MP29M2OQNAFAMZ,samsung galaxy a04e,Samsung,13960,6.5,3,32,5000,3.0,1,False
SA948MP222QO9NAFAMZ,samsung galaxy a14 ,Samsung,26000,6.6,4,128,5000,0.0,0,False
XI996MP2OLPWMNAFAMZ,xiaomi redmi 12,XIAOMI,22490,6.79,8,128,5000,0.0,0,False
IN213MP3AAICPNAFAMZ,infinix hot 30 play,Infinix,18999,6.82,8,128,6000,0.0,0,False
TE685MP1QVAD9NAFAMZ,tecno spark 10c,Tecno,17999,6.6,8,128,5000,0.0,0,False
TE685MP35RS04NAFAMZ,"tecno pop 7 pro 6.6""",Tecno,14890,6.6,4,64,5000,3.7,3,False
IN213MP25J65ANAFAMZ,infinix smart 7 hd dual sim 4g - 6.6'' - 64gb+ 2gb up to 4gb ram  - 5000mah ce2,Infinix,13299,7.0,2,64,5000,4.0,29,False
SA948MP27OY3CNAFAMZ,samsung galaxy a34 5g,Samsung,43999,6.6,6,128,5000,0.0,0,False
IN213MP2SUCJ6NAFAMZ,infinix smart 7 plus,Infinix,13599,6.6,3,64,6000,0.0,0,False
SO146MP1SXX3HNAFAMZ,sowhat find 40,Sowhat,8499,6.6,2,32,4000,2.0,1,True
OP896MP2BOUMMNAFAMZ,oppo a18,Oppo,20699,6.56,4,128,5000,0.0,0,False
TE685MP27QBCONAFAMZ,tecno spark 10 pro,Tecno,22999,6.8,8,128,5000,5.0,1,False
OP896MP1STBWANAFAMZ,oppo a18,Oppo,19990,6.56,4,128,5000,0.0,0,False
SA948MP22SWZLNAFAMZ,samsung galaxy a34 5g,Samsung,43499,6.6,8,128,5000,0.0,0,False
OP896MP34G5JNNAFAMZ,oppo a78,Oppo,34999,6.43,8,256,5000,0.0,0,False
TE685MP1RF73YNAFAMZ,"tecno spark 10c //disp 6.6""// 128gb+8gb ram// 16mp// 5000mah//ksly+earbuds+mw+c",Tecno,18999,6.6,8,128,5000,3.7,7,False
TE685MP2US6ENNAFAMZ,tecno spark 10 pro,Tecno,23999,6.8,8,128,5000,5.0,3,False
SA948MP2DH4XKNAFAMZ,samsung galaxy a14 4g,Samsung,24795,6.6,4,128,5000,0.0,0,False
IN213MP35IK8JNAFAMZ,infinix hot 30 play,Infinix,18890,6.82,8,128,6000,0.0,0,False
IT910MP2EDDK2NAFAMZ,itel a04,Itel,8500,6.3,2,32,4000,3.8,36,False
NO891MP2OTRJPNAFAMZ,nokia c12,Nokia,12800,6.3,2,64,3000,4.4,5,False
TE685MP1XSXQGNAFAMZ,tecno spark 10,Tecno,19999,6.6,8,128,5000,0.0,0,False
OP896MP26V7MINAFAMZ,oppo a18,Oppo,20999,6.56,4,128,5000,0.0,0,False
XI996MP2UDBSWNAFAMZ,xiaomi redmi 12,XIAOMI,24540,6.79,8,256,5000,0.0,0,False
SA948MP325K41NAFAMZ,samsung galaxy a14,Samsung,20399,6.6,4,64,5000,3.7,3,False
OP896MP3914UONAFAMZ,oppo a58,Oppo,26699,6.72,6,128,5000,0.0,0,False
SA948MP0LG6ULNAFAMZ,samsung galaxy a04s,Samsung,22799,6.5,4,128,5000,0.0,0,False
SA948MP0KST88NAFAMZ,samsung galaxy a73 5g,Samsung,66990,6.7,8,128,5000,5.0,2,False
OP896MP1PFVKENAFAMZ,oppo a17k,Oppo,16995,6.56,3,64,5000,0.0,0,False
IT910MP1UUQ1RNAFAMZ,itel a60s,Itel,12499,6.6,8,128,5000,4.0,1,False
IN213MP2LYGZ7NAFAMZ,infinix hot 30 play,Infinix,18200,6.82,8,128,6000,0.0,0,False
IT910MP1UKZCONAFAMZ,itel a04,Itel,9899,6.3,2,32,4000,0.0,0,False
XI996MP3578MPNAFAMZ,xiaomi redmi a2+,XIAOMI,13200,6.52,3,64,5000,0.0,0,False
TE685MP29CKMNNAFAMZ,tecno pop 7 pro,Tecno,14100,6.6,3,64,5000,4.8,4,False
TE685MP2WPF1FNAFAMZ,tecno spark 10 5g,Tecno,26999,6.6,16,256,5000,5.0,1,False
OP896MP37KPZ6NAFAMZ,"oppo a38 - 6.56"" screen",Oppo,22695,6.56,4,128,5000,0.0,0,False
SA948MP21D6L4NAFAMZ,samsung galaxy a14,Samsung,20299,6.6,4,64,5000,0.0,0,False
IN213MP1906LYNAFAMZ,infinix note 12i,Infinix,22999,6.82,4,128,5000,4.7,3,False
SA948MP0BMA1XNAFAMZ,samsung galaxy a23,Samsung,32990,6.6,6,128,5000,3.0,2,False
SA948MP1TQN6CNAFAMZ,samsung galaxy a14,Samsung,23899,6.6,4,128,5000,3.4,8,False
OP896MP32Q9ZGNAFAMZ,oppo a98 5g,Oppo,43800,6.72,8,256,5000,0.0,0,False
TE685MP2D0HNCNAFAMZ,"tecno pop 7 6.6"" display 2gb ram + 64gb rom",Tecno,12500,6.6,2,64,5000,4.0,1,False
OP896MP2RCM8JNAFAMZ,oppo a78,Oppo,34299,6.43,8,256,5000,0.0,0,False
OP896MP24X2BXNAFAMZ,oppo a78,Oppo,33600,6.43,8,256,5000,5.0,1,False
IT910MP28XCQ6NAFAMZ,itel a60,Itel,10500,6.6,2,32,5000,4.0,2,False
IN213MP29PLU0NAFAMZ,infinix hot 30i,Infinix,16395,6.6,4,128,5000,4.0,2,False
IN213MP2KBWVKNAFAMZ,infinix smart 8,Infinix,15599,6.6,4,128,5000,0.0,0,False
IT910MP2T6BWZNAFAMZ,"itel s23 6.6"" display",Itel,13595,6.6,8,128,5000,4.0,1,False
SA948MP1YFBR7NAFAMZ,samsung galaxy m34 5g,Samsung,39999,6.5,6,128,6000,0.0,0,False
IN213MP1P1GOUNAFAMZ,"infinix smart 7 hd 6.6"" hd+",Infinix,12590,7.0,2,64,5000,3.8,8,False
SA948MP0X0EHFNAFAMZ,samsung galaxy a04,Samsung,17499,6.5,4,64,5000,3.5,4,False
XT648MP0HSJXXNAFAMZ,x tigi m20s,X Tigi,11150,6.5,3,32,5000,4.0,1,False
SA948MP2VT475NAFAMZ,samsung galaxy a24 4g,Samsung,34399,6.5,6,128,5000,0.0,0,False
IN213MP26EGTLNAFAMZ,infinix hot 30 play,Infinix,18699,6.82,8,128,6000,4.0,2,False
IT910MP2H758SNAFAMZ,"itel a60 .. 6.6""....32gb rom+2gb ram...5000mah.+ quality offers",Itel,10299,6.6,2,32,5000,3.0,1,False
TE685MP20GO67NAFAMZ,tecno spark 10 pro,Tecno,26899,6.8,16,256,5000,0.0,0,False
SA948MP12PRE5NAFAMZ,samsung galaxy a04s,Samsung,22799,6.5,4,128,5000,0.0,0,False
IN213MP1ZPMAENAFAMZ,"infinix smart 7 plus 6.6"" hd+",Infinix,13999,6.6,3,64,6000,3.6,14,False
TE685MP1VGYFLNAFAMZ,tecno camon 20,Tecno,29499,6.67,8,256,5000,0.0,0,False
SA948MP1WI3F8NAFAMZ,samsung galaxy a14,Samsung,22999,6.6,4,128,5000,4.3,28,False
TE685MP2SVVAKNAFAMZ,tecno spark 10c,Tecno,19399,6.6,8,128,5000,4.0,1,False
XI996MP2UICDFNAFAMZ,xiaomi redmi a2 plus,XIAOMI,13799,6.52,3,64,5000,0.0,0,False
TE685MP1X0IGONAFAMZ,tecno spark 10 pro,Tecno,24999,6.8,8,256,5000,5.0,1,False
TE685MP1UHP1KNAFAMZ,tecno camon 20,Tecno,27999,6.67,8,256,5000,0.0,0,False
TE685MP274VQWNAFAMZ,tecno spark 10 pro,Tecno,22699,6.8,8,128,5000,0.0,0,False
XI996MP2IYCA0NAFAMZ,xiaomi redmi 12,XIAOMI,25499,6.7,8,256,5000,0.0,0,False
OP896MP2VODGUNAFAMZ,oppo a98 5g,Oppo,44000,6.72,8,256,5000,0.0,0,False
OA096MP25HZMTNAFAMZ,oale note 20,Oale,7990,6.6,2,16,3800,5.0,1,False
OP896MP2TA56DNAFAMZ,oppo a78,Oppo,34699,6.43,8,256,5000,0.0,0,False
SA948MP2APXY9NAFAMZ,samsung galaxy a24 4g,Samsung,31999,6.5,4,128,5000,2.0,1,False
TE685MP295J4LNAFAMZ,"tecno pop 7  6.6"" display 64gb rom + up to 4gb ram",Tecno,12999,6.6,4,64,5000,0.0,0,False
IN213MP30NZYQNAFAMZ,infinix hot 30i,Infinix,16700,6.56,4,128,5000,4.3,3,False
OP896MP26XC3TNAFAMZ,oppo a78,Oppo,33100,6.43,8,256,5000,0.0,0,False
IN213MP2GIAZSNAFAMZ,infinix note 30,Infinix,28599,6.66,8,256,5000,5.0,1,False
XI996MP31SCARNAFAMZ,xiaomi redmi 10a,XIAOMI,19300,6.53,4,128,5000,0.0,0,False
IT910MP2DKUF5NAFAMZ,"itel s23 6.6""",Itel,13595,6.6,8,128,5000,5.0,1,False
TE685MP2ATY60NAFAMZ,tecno  pop 7 pro,Tecno,14100,6.6,4,64,5000,0.0,0,False
XI996MP25XOIYNAFAMZ,xiaomi redmi a2 plus,XIAOMI,13700,6.52,3,64,5000,0.0,0,False
MA541MP29BL52NAFAMZ,maxfone max 30s,Maxfone,6900,6.55,1,8,3750,0.0,0,False
IN213MP2CP4TNNAFAMZ,infinix note 30 vip,Infinix,45950,6.67,12,256,5000,0.0,0,False
RE851MP1SIA8CNAFAMZ,realme c30s,Realme,13599,6.5,3,64,5000,0.0,0,False
XI996MP39D4I0NAFAMZ,xiaomi redmi 12c,XIAOMI,18799,6.71,4,128,5000,4.3,6,False
XI996MP2DPJA2NAFAMZ,xiaomi redmi 12,XIAOMI,21590,6.79,4,128,5000,0.0,0,False
OP896MP2KXY6QNAFAMZ,oppo a38,Oppo,23299,6.56,4,128,5000,0.0,0,False
TE685MP32RWVENAFAMZ,tecno camon 20,Tecno,27999,6.67,8,256,5000,0.0,0,False
TE685MP1VG929NAFAMZ,tecno camon 20,Tecno,27999,6.67,8,256,5000,0.0,0,False
IT910MP24VKWUNAFAMZ,itel a04,Itel,9499,6.3,2,32,4000,0.0,0,False
IN213MP34FW1NNAFAMZ,infinix smart 7 plus,Infinix,13690,6.6,3,64,6000,0.0,0,False
IN213MP29DMUHNAFAMZ,infinix hot 30 play,Infinix,19199,6.82,8,128,6000,5.0,1,False
SA948MP21Y2FCNAFAMZ,samsung galaxy a04e,Samsung,14599,6.5,3,32,5000,0.0,0,False
TE685MP2PTO2DNAFAMZ,tecno spark 10,Tecno,19999,6.6,16,128,5000,0.0,0,False
TE685MP10VFCNNAFAMZ,"tecno pop 5 pro 6.52""//size (2gb ram +32gb)8mp 6000mah",Tecno,13000,6.52,2,32,6000,3.0,2,False
IT910MP1P44ZWNAFAMZ,itel s23 plus,Itel,22499,6.78,4,128,5000,5.0,2,False
OP896MP39Z4XMNAFAMZ,"oppo  a38 - 6.56""",Oppo,23599,6.56,4,128,5000,0.0,0,False
IT910MP2RBC6RNAFAMZ,"itel a60s 6.6"" hd",Itel,10795,6.6,8,64,5000,0.0,0,False
IT910MP233P0ONAFAMZ,itel a04,Itel,9250,6.3,2,32,4000,5.0,1,False
SA948MP0ROS68NAFAMZ,samsung galaxy a03 core,Samsung,12290,6.5,2,32,5000,5.0,2,False
XI996MP2AZHPINAFAMZ,xiaomi redmi 12c,XIAOMI,16899,6.71,3,64,5000,0.0,0,False
TE685MP1XCOYINAFAMZ,"tecno pop 7 6.6"" display size (2gb + 64gb)8mp",Tecno,12550,6.6,2,64,5000,3.5,4,False
XI996MP1XRXLQNAFAMZ,xiaomi redmi a2 plus,XIAOMI,13000,6.52,3,64,5000,0.0,0,False
SA948MP2AFFV5NAFAMZ,samsung galaxy a24 4g,Samsung,31999,6.5,4,128,5000,0.0,0,False
SA948MP3AGVYSNAFAMZ,samsung galaxy m33 5g,Samsung,35999,6.6,6,128,6000,0.0,0,False
IN213MP1TDNXVNAFAMZ,infinix hot 30 play,Infinix,18200,6.82,8,128,6000,0.0,0,False
TE685MP2IXBS0NAFAMZ,tecno spark 10 pro,Tecno,22599,6.8,8,128,5000,0.0,0,False
XI996MP1317GBNAFAMZ,"xiaomi redmi a1+ 6.52"" 2gb + 32gb 5000mah (dual sim) 4g lte +free amazing gifts",XIAOMI,13888,6.52,2,32,5000,0.0,0,False
XI996MP1OQ3P1NAFAMZ,xiaomi redmi 12c,XIAOMI,19550,6.71,4,128,5000,0.0,0,False
IN213MP376W7MNAFAMZ,"infinix smart 7 plus 6.6"" hd+",Infinix,13795,6.6,3,64,6000,0.0,0,False
SA948MP22GFH0NAFAMZ,samsung galaxy a14,Samsung,20399,6.6,4,64,5000,0.0,0,False
IT910MP31XLB1NAFAMZ,"itel s23 6.6""",Itel,13750,6.6,8,128,5000,0.0,0,False
SA948MP3787MINAFAMZ,samsung galaxy a03 core,Samsung,12890,6.5,2,32,5000,1.0,1,False
IT910MP1T0V78NAFAMZ,"itel s23 plus 6.78"" screen",Itel,22499,6.78,8,128,5000,0.0,0,False
TE685MP2IOIWVNAFAMZ,tecno spark 10 pro,Tecno,25649,6.8,8,256,5000,0.0,0,False
XI996MP1O4WKTNAFAMZ,xiaomi redmi 12c,XIAOMI,19450,6.71,4,128,5000,0.0,0,False
IT910MP2HJYZTNAFAMZ,"itel a18 5.0"" display ",Itel,7150,5.0,1,32,2400,0.0,0,False
IN213MP0B7CI1NAFAMZ,infinix hot 20i,Infinix,16999,6.6,4,64,5000,5.0,1,False
IT910MP14PJSRNAFAMZ,itel a18,Itel,7099,5.0,1,32,2400,0.0,0,False
IT910MP2QQ2X8NAFAMZ,"itel a60 .. 6.6""....32gb rom+2gb ram...5000mah.+ awesome accessories",Itel,10199,6.6,2,32,5000,0.0,0,False
TE685MP1R962WNAFAMZ,tecno spark 10,Tecno,19699,6.6,8,128,5000,0.0,0,False
TE685MP2RPOLKNAFAMZ,tecno camon 20,Tecno,27999,6.67,8,256,5000,0.0,0,False
TE685MP26GPZSNAFAMZ,"tecno pop 7 6.6"" 2gb ram + 64gb rom",Tecno,12500,6.6,2,64,5000,0.0,0,False
IT910MP36DNCBNAFAMZ,itel a04,Itel,9799,6.3,2,32,4000,0.0,0,False
SA948MP2ZSPY9NAFAMZ,samsung galaxy a24 4g,Samsung,34999,6.5,6,128,5000,0.0,0,False
TE685MP1ZRRT8NAFAMZ,tecno spark 10c,Tecno,18999,6.6,8,128,5000,5.0,1,False
IT910MP28GIKVNAFAMZ,"itel s23 6.6""",Itel,13895,6.6,8,128,5000,0.0,0,False
TE685MP2X3JGENAFAMZ,"tecno spark 10c //disp 6.6""// 128gb+8gb ram// 16mp// 5000mah//ksly+sw+earbuds",Tecno,19399,6.6,8,128,5000,0.0,0,False
IT910MP1Y9QTCNAFAMZ,"itel s23+ (plus) 6.78"" screen",Itel,22350,6.78,8,128,5000,0.0,0,False
IT910MP1UC6J5NAFAMZ,itel p40,Itel,11590,6.6,4,64,6000,0.0,0,False
SA948MP2MOHCBNAFAMZ,samsung galaxy a24 4g,Samsung,31999,6.5,4,128,5000,0.0,0,False
SA948MP2CY3DMNAFAMZ,samsung galaxy f14 5g,Samsung,30999,6.6,6,128,6000,0.0,0,False
XT648MP1068U8NAFAMZ,x tigi sharp 2,X Tigi,15750,7.12,4,64,5500,2.7,3,False
IN213MP2IWKIXNAFAMZ,infinix hot 30 play,Infinix,19499,6.82,8,128,6000,0.0,0,False
TE685MP2NQAJCNAFAMZ,"tecno pop 7 6.6"" display 2gb ram + 64gb rom",Tecno,12000,6.6,2,64,5000,0.0,0,False
TE685MP35K9S5NAFAMZ,tecno camon 20,Tecno,29999,6.67,8,256,5000,0.0,0,False
TE685MP30FVLWNAFAMZ,"tecno spark 10 pro - 6.8"" 8gb ram",Tecno,26999,6.8,8,256,5000,4.0,2,False
TE685MP28S0U7NAFAMZ,"tecno spark 10c .display 6.6""..128gb+8gb ram.. 16mp dual sim 5000mah",Tecno,18200,6.6,8,128,5000,0.0,0,False
TE685MP1ZR3LDNAFAMZ,tecno spark 10 pro,Tecno,27995,6.8,16,256,5000,2.0,1,False
TE685MP1RSD8KNAFAMZ,"tecno spark 10 pro - 6.8"" 8gb ram",Tecno,23999,6.8,8,128,5000,3.0,2,False
XT648MP0EUPUWNAFAMZ,x tigi a10c,X Tigi,10700,6.3,2,32,4000,4.0,3,False
OP896MP1NLSTXNAFAMZ,oppo a78,Oppo,34699,6.43,8,256,5000,0.0,0,False
SA948MP0D44DPNAFAMZ,samsung galaxy a04s,Samsung,22799,6.5,4,128,5000,0.0,0,False
TE685MP2P67YJNAFAMZ,tecno spark 10c,Tecno,17799,6.6,8,128,5000,1.5,2,False
IN213MP2FTYWUNAFAMZ,"infinix smart 7 hd 6.6"" hd+",Infinix,12999,7.0,2,64,5000,1.0,1,False
TE685MP2WWCW5NAFAMZ,tecno spark 10 pro,Tecno,25600,6.8,8,256,5000,0.0,0,False
IN213MP2NLEXFNAFAMZ,infinix hot 30 play,Infinix,19300,6.82,8,128,6000,0.0,0,False
SA948MP1RNAQONAFAMZ,samsung galaxy m33 5g- 128gb + 6gb ram (dual sim),Samsung,34990,6.6,6,128,6000,0.0,0,False
IN213MP2VL3PLNAFAMZ,infinix hot 30 play,Infinix,19499,6.82,8,128,6000,3.0,2,False
RE851MP285ZCUNAFAMZ,realme c33 6.5'' display,Realme,20999,6.5,4,128,5000,0.0,0,False
SA948MP23C3F3NAFAMZ,samsung galaxy a14,Samsung,20299,6.6,4,64,5000,0.0,0,False
IT910MP022IMZNAFAMZ,itel a18,Itel,7499,5.0,1,32,2400,2.7,3,False
TE685MP2YNIW1NAFAMZ,"tecno pop 7  6.6"" hd display + 64gb rom + up to 4gb ram",Tecno,12145,6.6,4,64,5000,0.0,0,False
RE851MP374T60NAFAMZ,realme c30s ,Realme,14270,6.5,3,64,5000,5.0,1,False
OP896MP2CZGIENAFAMZ,oppo a17k,Oppo,16500,6.56,3,64,5000,5.0,1,False
XI996MP2SXHR2NAFAMZ,xiaomi redmi 12c,XIAOMI,18699,6.71,4,128,5000,0.0,0,False
XI996MP2QEKKBNAFAMZ,xiaomi redmi note 12,XIAOMI,31599,6.67,8,128,5000,5.0,2,False
TE685MP2CLJD0NAFAMZ,"tecno pop 7 pro 6.6"" 4gb + 64gb 13mp ",Tecno,14999,6.6,4,64,5000,0.0,0,False
SA019MP26S4Z6NAFAMZ,safaricom neon ultra,Safaricom,10299,6.5,2,32,3750,0.0,0,False
IT910MP36MPBONAFAMZ,"itel  s23 plus 6.78"" screen",Itel,23399,6.78,8,128,5000,0.0,0,False
TE685MP1QLIHRNAFAMZ,tecno spark 9pro,Tecno,19999,6.6,4,128,5000,0.0,0,False
SA948MP1YJS40NAFAMZ,samsung galaxy a14 4g,Samsung,24999,6.6,4,128,5000,0.0,0,False
XI996MP29BH7QNAFAMZ,xiaomi redmi 12c,XIAOMI,18899,6.71,4,128,5000,5.0,1,False
IN213MP2T0EP4NAFAMZ,infinix note 30,Infinix,28999,6.66,8,256,5000,5.0,1,False
IN213MP2DGZT4NAFAMZ,infinix note 30,Infinix,28998,6.66,8,256,5000,0.0,0,False
IN213MP2487YPNAFAMZ,infinix hot 30 play,Infinix,19599,6.82,8,128,6000,0.0,0,False
IN213MP2E62XXNAFAMZ,infinix hot 30,Infinix,25000,6.78,8,256,5000,4.0,5,False
TE685MP1QWTPONAFAMZ,tecno spark 10c,Tecno,17300,6.6,4,128,5000,0.0,0,False
TE685MP2TOML4NAFAMZ,"tecno pop 7 6.6"" display 2gb ram + 64gb rom",Tecno,12000,6.6,2,64,5000,4.2,6,False
SA948MP0DODCRNAFAMZ,samsung galaxy m13,Samsung,24299,6.6,6,128,5000,4.4,9,False
IT910MP00Z4Z3NAFAMZ,"itel a26 ;5.7""display size",Itel,8300,5.7,2,32,3020,0.0,0,False
IT910MP2KO0RHNAFAMZ,"itel s23 6.6""",Itel,13999,6.6,8,128,5000,0.0,0,False
IN213MP2C2XSUNAFAMZ,infinix smart 7 hd dual sim 4g - 6.6'' - 64gb+ 2gb up to 4gb ram  - 5000mah ce6,Infinix,13399,7.0,2,64,5000,4.0,1,False
TE685MP2EA308NAFAMZ,tecno spark 10 pro,Tecno,22999,6.8,8,128,5000,3.0,1,False
NO891MP2I8RJ7NAFAMZ,nokia t10,Nokia,21990,8.0,4,64,5250,0.0,0,False
OP896MP1RGLKQNAFAMZ,oppo a18,Oppo,20599,6.56,4,128,5000,0.0,0,False
TE685MP32SAC2NAFAMZ,"tecno pop 7  6.6"" display 2gb ram + 64gb rom",Tecno,12899,6.6,2,64,5000,0.0,0,False
OP896MP1U5KHHNAFAMZ,oppo a78,Oppo,34699,6.43,8,256,5000,0.0,0,False
IN213MP2RY4QENAFAMZ,infinix smart 7 plus,Infinix,13295,6.6,3,64,6000,4.2,5,False
IN213MP2ZLAV2NAFAMZ,infinix zero 30 5g,Infinix,53900,6.78,12,256,5000,0.0,0,False
IT910MP2XRXBRNAFAMZ,itel p40 4g lite - 6.6'' display - 64gb storage + 4gb ram - 13mp dual 6000mah+ phone,Itel,11895,6.6,4,64,6000,0.0,0,False
TE685MP2JLAT9NAFAMZ,tecno pop 7 pro,Tecno,14300,6.56,4,64,5000,5.0,1,False
XI996MP2VVC8JNAFAMZ,xiaomi redmi a2 plus,XIAOMI,12999,6.52,2,32,5000,0.0,0,False
SA948MP1CCTUPNAFAMZ,samsung galaxy a04s,Samsung,21999,6.5,4,64,5000,0.0,0,False
IT910MP2U6YFXNAFAMZ,"itel s23 6.6""",Itel,18700,6.6,8,128,5000,0.0,0,False
IN213MP1OZTEENAFAMZ,"infinix smart 7 plus 6.6"" hd+",Infinix,13999,6.6,3,64,6000,0.0,0,False
IN213MP36LGLUNAFAMZ,"infinix smart 7 plus 6.6"" hd+",Infinix,15399,6.6,3,64,6000,0.0,0,False
OA096MP2Y3PPVNAFAMZ,oale db1,Oale,6849,6.55,1,8,3750,0.0,0,False
OP896MP2SJHG3NAFAMZ,oppo a78,Oppo,33299,6.43,8,256,5000,0.0,0,False
IT910MP2HUQ0CNAFAMZ,"itel a60 .. 6.6""....32gb rom+2gb ram...5000mah.+ classy offers",Itel,10099,6.6,2,32,5000,0.0,0,False
RE851MP33JJ0SNAFAMZ,realme c30s,Realme,13399,6.5,3,64,5000,0.0,0,False
TE685MP23CI7ANAFAMZ,tecno spark 10c - 6.56'' display -128gb + 4gb ram - - 5000mah +ce2,Tecno,18499,6.56,4,128,5000,4.5,6,False
TE685MP23CI7ANAFAMZ,tecno spark 10c - 6.56'' display -128gb + 4gb ram - - 5000mah +ce2,Tecno,18499,6.56,4,128,5000,4.5,6,False
IT910MP2Q196CNAFAMZ,itel a04,Itel,8750,6.3,2,32,4000,0.0,0,False
IN213MP2QTMVDNAFAMZ,infinix hot 30 play,Infinix,19599,6.82,8,128,6000,5.0,1,False
XI996MP2R4L3XNAFAMZ,xiaomi redmi a2 plus,XIAOMI,12999,6.52,2,32,5000,0.0,0,False
TE685MP2FSEF7NAFAMZ,"tecno pop 7 pro 6.6"" 3gb + 64gb",Tecno,15299,6.6,3,64,5000,1.5,2,False
IT910MP2GWPMBNAFAMZ,itel a04,Itel,9770,6.3,2,32,4000,3.8,6,False
IN213MP2NCU7TNAFAMZ,infinix hot 30 play,Infinix,18999,6.82,8,128,6000,5.0,1,False
OP896MP1T0E8DNAFAMZ,oppo a78,Oppo,33300,6.43,8,256,5000,0.0,0,False
XI996MP2XLHW3NAFAMZ,xiaomi redmi a2 plus,XIAOMI,12999,6.52,2,32,5000,0.0,0,False
IT910MP1T8ZI0NAFAMZ,itel  a70,Itel,12399,6.66,8,128,5000,0.0,0,False
IT910MP210PSTNAFAMZ,"itel s23 6.6""",Itel,18850,6.6,8,128,5000,1.0,1,False
IT910MP35DYZWNAFAMZ,itel a04,Itel,9899,6.3,2,32,4000,5.0,1,False
IT910MP33ZWX7NAFAMZ,itel a04,Itel,9799,6.3,2,32,4000,0.0,0,False
SA948MP0Q71FYNAFAMZ,samsung galaxy a33 5g,Samsung,43599,6.4,6,128,5000,4.5,4,False
IN213MP2M45EANAFAMZ,"infinix smart 7 plus 6.6"" hd+",Infinix,14899,6.6,3,64,6000,0.0,0,False
OP896MP35ASMINAFAMZ,oppo a18,Oppo,20699,6.56,4,128,5000,0.0,0,False
IN213MP2QVW4PNAFAMZ,"infinix smart 7 hd 6.6"" hd+",Infinix,12590,7.0,2,64,5000,0.0,0,False
IN213MP0BIBHYNAFAMZ,infinix note 12i,Infinix,21599,6.82,4,128,5000,0.0,0,False
IN213MP2NG27WNAFAMZ,"infinix smart 7 plus 6.6"" hd+",Infinix,13999,6.6,3,64,6000,4.0,1,False
TE685MP24VW6PNAFAMZ,"tecno pop 7  6.6"" display + 64gb storage + up to 4gb ram",Tecno,12650,6.6,4,64,5000,0.0,0,False
TE685MP32JRT4NAFAMZ,tecno camon 20,Tecno,28799,6.67,8,256,5000,0.0,0,False
SA948MP2BY8RXNAFAMZ,samsung galaxy a14,Samsung,21999,6.6,4,64,5000,0.0,0,False
IN213MP23QVBYNAFAMZ,"infinix smart 7 hd 6.6""+display",Infinix,12995,7.0,2,64,5000,0.0,0,False
TE685MP2NRC1PNAFAMZ,tecno pop 7 pro,Tecno,14300,6.56,4,64,5000,0.0,0,False
SA948MP2KIFF0NAFAMZ,samsung galaxy m13,Samsung,24499,6.6,4,64,5000,5.0,2,False
IN213MP1XPNHLNAFAMZ,"infinix smart 7 hd 6.6"" hd+",Infinix,12990,7.0,2,64,5000,0.0,0,False
SA948MP2N0RPCNAFAMZ,samsung galaxy a14 4g,Samsung,23795,6.6,4,128,5000,0.0,0,False
TE685MP22I6LBNAFAMZ,tecno spark 9pro,Tecno,19999,6.6,4,128,5000,0.0,0,False
IT910MP0X8DVTNAFAMZ,itel s18,Itel,12189,6.6,2,64,5000,0.0,0,False
TE685MP2DWZYTNAFAMZ,tecno spark 10,Tecno,19999,6.6,16,128,5000,0.0,0,False
OP896MP397MDVNAFAMZ,oppo a78,Oppo,34699,6.43,8,256,5000,0.0,0,False
TE685MP2YQXSONAFAMZ,tecno spark 10 pro,Tecno,25950,6.8,8,256,5000,0.0,0,False
OP896MP23Z47KNAFAMZ,oppo a98 5g,Oppo,43500,6.72,8,256,5000,0.0,0,False
TE685MP28UNI8NAFAMZ,tecno spark 10 pro,Tecno,22000,6.8,8,128,5000,0.0,0,False
IT910MP31CL6SNAFAMZ,"itel  s23 plus 6.78"" screen",Itel,23399,6.78,8,128,5000,0.0,0,False
TE685MP2JAA7YNAFAMZ,"tecno spark 10 6.6"" hd+ 128gb rom + 8gb ram 4g 5000mah+ gifts spa 8",Tecno,20499,6.6,8,128,5000,5.0,2,False
SA948MP0D61VKNAFAMZ,samsung galaxy a03 core,Samsung,13250,6.5,2,32,5000,1.0,1,False
SA948MP2YD35DNAFAMZ,samsung galaxy a14 4g,Samsung,19299,6.6,4,64,5000,5.0,1,True
TE685MP2JWHFCNAFAMZ,"tecno spark 10 pro //display 6.8""// 128gb+8gb ram// 50 mp//dual sim// 5000mah//ksly+tg117 -white",Tecno,24299,6.8,8,128,5000,0.0,0,False
OP896MP0S8MCQNAFAMZ,oppo reno 7 4g,Oppo,41999,6.43,8,256,4500,0.0,0,False
TE685MP28QAILNAFAMZ,"tecno pop 7  6.6"" display 64gb rom + up to 4gb ram",Tecno,12450,6.6,4,64,5000,0.0,0,False
SA948MP1RFHZUNAFAMZ,samsung galaxy a03 core,Samsung,12690,6.5,2,32,5000,0.0,0,False
OP896MP23ALBDNAFAMZ,oppo a78,Oppo,33500,6.43,8,256,5000,0.0,0,False
RE851MP2JW824NAFAMZ,realme c30s,Realme,13790,6.5,3,64,5000,0.0,0,False
XI996MP1Y40RANAFAMZ,xiaomi redmi 9a global rom mobile phone,XIAOMI,13999,6.53,4,64,5000,0.0,0,False
RE851MP1LKMQ5NAFAMZ,"realme c25y 6.5""",Realme,19800,6.5,4,128,5000,4.0,3,False
TE685MP353SKMNAFAMZ,tecno pop  7,Tecno,11599,6.6,2,64,5000,0.0,0,True
TE685MP2AFFJGNAFAMZ,tecno spark 10c,Tecno,18699,6.6,8,128,5000,0.0,0,False
TE685MP2DJAP8NAFAMZ,tecno spark 10c,Tecno,17300,6.6,4,128,5000,5.0,1,False
RE851MP1RHUF2NAFAMZ,realme c33 6.5'' display,Realme,21399,6.5,4,128,5000,4.6,5,False
TE685MP0ZTS40NAFAMZ,tecno spark 8p,Tecno,17400,6.6,4,128,5000,4.7,3,False
IT910MP2R30SXNAFAMZ,itel p40,Itel,11890,6.6,4,64,6000,4.0,1,False
IN213MP24GL9ANAFAMZ,infinix smart 7 hd,Infinix,12499,7.0,2,64,5000,0.0,0,False
XI996MP20WKA2NAFAMZ,xiaomi redmi 9a global firmware mobile phone,XIAOMI,12999,6.53,4,64,5000,0.0,0,False
SA948MP0H9XY8NAFAMZ,samsung galaxy a03 core,Samsung,12980,6.5,2,32,5000,3.5,2,False
TE685MP33BTOLNAFAMZ,"tecno pop 7 pro 6.6""",Tecno,14390,6.6,3,64,5000,0.0,0,False
IT910MP363MJHNAFAMZ,"itel s23 6.6""",Itel,18850,6.6,8,128,5000,0.0,0,False
IN213MP1NRKNCNAFAMZ,infinix hot 30,Infinix,26499,6.78,8,256,5000,0.0,0,False
IT910MP2XHUP0NAFAMZ,"itel a26 ;5.7""",Itel,8600,5.7,2,32,3020,0.0,0,False
IT910MP1RA5FONAFAMZ,"itel a26 ;5.7""screen size",Itel,8300,5.7,2,32,3020,0.0,0,False
TE685MP2GDIINNAFAMZ,tecno spark 10,Tecno,19099,6.6,8,128,5000,0.0,0,False
SA948MP1YZKI8NAFAMZ,samsung galaxy a14,Samsung,24900,6.6,4,128,5000,0.0,0,False
TE685MP21SN4FNAFAMZ,tecno spark 10 pro,Tecno,25500,6.8,8,256,5000,0.0,0,False
SA948MP389WJZNAFAMZ,samsung galaxy a04s,Samsung,19299,6.5,4,64,5000,5.0,2,True
VF567MP1SZJUYNAFAMZ,vfone mix 7 6.1 inch 3gb+32gb dual sim lte 4g,Vfone,9999,6.1,3,32,4000,0.0,0,False
SA948MP1XPFIMNAFAMZ,samsung galaxy a34 5g,Samsung,42900,6.6,6,128,5000,0.0,0,False
TE685MP38A3THNAFAMZ,"tecno pop 7  6.6"" display 64gb rom + up to 4gb ram",Tecno,12999,6.6,4,64,5000,0.0,0,False
IN213MP36EQLGNAFAMZ,infinix note 30,Infinix,27290,6.66,8,256,5000,0.0,0,False
XI996MP1QSYAMNAFAMZ,xiaomi redmi 12c,XIAOMI,20399,6.71,6,128,5000,0.0,0,False
SA948MP36X2JDNAFAMZ,samsung galaxy f23 5g,Samsung,30800,6.6,6,128,5000,0.0,0,False
NO891MP252TKDNAFAMZ,nokia c1 2nd edition,Nokia,8790,5.45,1,16,2500,1.0,2,False
OP896MP2BF511NAFAMZ,oppo a78,Oppo,34799,6.43,8,256,5000,0.0,0,False
TE685MP2HWCC5NAFAMZ,tecno spark 10c,Tecno,19795,6.6,16,128,5000,1.0,1,False
SA948MP213P1INAFAMZ,samsung galaxy a04,Samsung,17050,6.5,4,64,5000,0.0,0,False
OP896MP1Y1QVINAFAMZ,oppo a58,Oppo,25599,6.72,6,128,5000,0.0,0,False
IN213MP1NWYUNNAFAMZ,"infinix smart 7 plus 6.6"" hd+",Infinix,14150,6.6,3,64,6000,0.0,0,False
TE685MP2DGM88NAFAMZ,tecno camon 20 pro,Tecno,35299,6.67,8,256,5000,0.0,0,False
TE685MP2950B0NAFAMZ,tecno spark 10c ,Tecno,17890,6.56,4,128,5000,0.0,0,False
SA948MP29AHMNNAFAMZ,samsung galaxy m33 5g,Samsung,35999,6.6,6,128,6000,4.0,1,False
IN213MP0MIKZTNAFAMZ,infinix hot 20i,Infinix,16900,6.6,4,64,5000,0.0,0,False
OP896MP2LQE8PNAFAMZ,oppo a17k,Oppo,16399,6.56,3,64,5000,5.0,2,False
IT910MP2SIIJ2NAFAMZ,itel a60,Itel,10799,6.6,2,32,5000,4.0,1,False
TE685MP23MJXLNAFAMZ,tecno spark 10 5g,Tecno,28999,6.6,16,256,5000,0.0,0,False
TE685MP23MJXLNAFAMZ,tecno spark 10 5g,Tecno,28999,6.6,16,256,5000,0.0,0,False
IT910MP1UWWY1NAFAMZ,"itel a60 6.6"" hd+lcd display",Itel,9800,6.6,2,32,5000,0.0,0,False
NO891MP2T8QP1NAFAMZ,"nokia c12 6.3""display",Nokia,13300,6.3,2,64,3000,0.0,0,False
SA948MP1QQBCTNAFAMZ,samsung galaxy z flip5,Samsung,159999,6.7,8,256,3700,0.0,0,False
TE685MP2LM9XKNAFAMZ,tecno spark 10,Tecno,20299,6.6,8,128,5000,0.0,0,False
UL031MP06TDLXNAFAMZ,ulefone note 10p 3gb+128gb 5500mah battery 6.52 inch android 11 4g dual sim otg smartphone - red,Ulefone,11499,6.52,3,128,5500,0.0,0,False
OA096MP1VOS3NNAFAMZ,oale db1,Oale,6899,6.55,1,8,3750,0.0,0,False
TE685MP387LDXNAFAMZ,tecno spark 10 pro,Tecno,25400,6.8,8,256,5000,0.0,0,False
TE685MP2X4UA8NAFAMZ,tecno spark 10 pro,Tecno,22995,6.8,8,128,5000,0.0,0,False
IN213MP1XX820NAFAMZ,infinix hot 30i,Infinix,16995,6.6,4,128,5000,0.0,0,False
OP896MP1WZPSANAFAMZ,oppo a18,Oppo,20299,6.56,4,128,5000,0.0,0,False
IN213MP39M3FONAFAMZ,infinix zero 30 5g,Infinix,55499,6.78,12,256,5000,0.0,0,False
IT910MP2K2L5PNAFAMZ,"itel s23 6.6""",Itel,13300,6.6,8,128,5000,5.0,2,False
SA948MP27BIMWNAFAMZ,samsung galaxy a14,Samsung,20299,6.6,4,64,5000,5.0,1,False
IN213MP289J08NAFAMZ,"infinix smart 7 plus 6.6"" hd+",Infinix,13400,6.6,3,64,6000,0.0,0,False
OP896MP1ZUUEQNAFAMZ,oppo a38,Oppo,22399,6.56,4,128,5000,0.0,0,False
SA019MP39O67MNAFAMZ,safaricom neon ultra,Safaricom,10599,6.5,2,32,3750,0.0,0,False
TE685MP1OBR69NAFAMZ,tecno camon 20,Tecno,28999,6.67,8,256,5000,0.0,0,False
IT910MP2MH9ULNAFAMZ,"itel a18  ;5.0"" ;",Itel,7799,5.0,1,32,2400,0.0,0,False
IT910MP2AY6B5NAFAMZ,itel p40,Itel,10970,6.6,4,64,6000,0.0,0,False
TE685MP304UN2NAFAMZ,tecno spark 10c,Tecno,16599,6.6,4,128,5000,5.0,1,False
SA948MP1YNG4RNAFAMZ,samsung galaxy a53 5g,Samsung,58599,6.5,8,256,5000,0.0,0,False
IN213MP2Y0THUNAFAMZ,"infinix smart 7 plus 6.6"" hd+",Infinix,14999,6.6,3,64,6000,3.0,1,False
XI996MP1YW85FNAFAMZ,xiaomi redmi a2 plus,XIAOMI,13299,6.52,3,64,5000,0.0,0,False
SA948MP0UGNK5NAFAMZ,samsung galaxy a04s,Samsung,19299,6.5,4,64,5000,5.0,2,True
IT910MP25NYP8NAFAMZ,itel a04,Itel,9499,6.3,2,32,4000,0.0,0,False
MA541MP2Y2L0BNAFAMZ,maxfone note 20,Maxfone,8499,6.6,2,16,3800,0.0,0,False
TE685MP1XXDPGNAFAMZ,tecno camon 20 pro 4g mr doodle edition (night),Tecno,35799,6.67,8,256,5000,0.0,0,False
IT910MP30F2W3NAFAMZ,"itel s23 6.6""",Itel,14699,6.6,8,128,5000,0.0,0,False
TE685MP2A2AJZNAFAMZ,tecno spark 10c - 6.56'' display -128gb + 4gb ram - - 5000mah+smartnets 4,Tecno,17299,6.56,4,128,5000,3.6,8,False
IT910MP2GY2ACNAFAMZ,"itel  s23 plus 6.78"" screen",Itel,23499,6.78,8,128,5000,0.0,0,False
TE685MP21YZVINAFAMZ,tecno camon 20 pro 4g mr doodle edition,Tecno,33990,6.67,8,256,5000,0.0,0,False
IN213MP2NA44ENAFAMZ,"infinix smart 7 plus 6.6""",Infinix,13800,6.6,3,64,6000,0.0,0,False
IN213MP2Y78Z6NAFAMZ,"infinix smart 7 plus 6.6"" hd+",Infinix,14699,6.6,3,64,6000,0.0,0,False
TE685MP1RR1JMNAFAMZ,"tecno pop 7  6.6"" display 2gb ram + 64gb rom",Tecno,13299,6.6,2,64,5000,3.8,12,False
IN213MP2OQGGINAFAMZ,"infinix smart 7 plus 6.6"" hd+",Infinix,14699,6.6,3,64,6000,2.3,3,False
XI996MP1F2RGLNAFAMZ,xiaomi redmi 10a,XIAOMI,14500,6.53,2,32,5000,2.0,1,False
RE851MP1JCUO2NAFAMZ,realme c21y,Realme,16899,6.5,4,64,5000,0.0,0,False
TE685MP22T2XPNAFAMZ,tecno camon 20 pro,Tecno,36999,6.67,8,256,5000,5.0,1,False
OA096MP34MCNVNAFAMZ,oale db1,Oale,6849,6.55,1,8,3750,0.0,0,False
IN213MP38TS2MNAFAMZ,"infinix smart 7 hd 6.6""hd+2+2gb ram + 64gb storage 5000mah",Infinix,12795,7.0,2,64,5000,4.8,4,False
DO268MP2F98Z8NAFAMZ,doogee s98 ,Doogee,80000,6.3,8,256,6000,0.0,0,False
IN213MP1VS5G9NAFAMZ,infinix hot 30i,Infinix,17300,6.56,4,128,5000,0.0,0,False
TE685MP38AZV0NAFAMZ,tecno spark 10,Tecno,20800,6.6,8,128,5000,5.0,1,False
TE685MP2T4FSFNAFAMZ,tecno spark 10 pro,Tecno,25500,6.8,8,256,5000,5.0,1,False
IN213MP2BZGK9NAFAMZ,infinix hot 30 play,Infinix,18980,6.82,8,128,6000,0.0,0,False
SA948MP33DJSFNAFAMZ,samsung galaxy a04,Samsung,17299,6.5,4,64,5000,4.0,2,False
XI996MP2VLC3LNAFAMZ,xiaomi redmi 12c,XIAOMI,19245,6.71,4,128,5000,0.0,0,False
SA948MP38WGA7NAFAMZ,samsung galaxy a04s,Samsung,22500,6.5,4,128,5000,0.0,0,False
IN213MP1RP26HNAFAMZ,infinix hot 30 play,Infinix,19499,6.82,8,128,6000,4.0,1,False
XI996MP23K7KONAFAMZ,xiaomi redmi 12,XIAOMI,21599,6.7,4,128,5000,0.0,0,False
OP896MP20YPIMNAFAMZ,oppo a38,Oppo,23799,6.56,4,128,5000,0.0,0,False
IT910MP0FHEKXNAFAMZ,"itel a18 ;5.0"" ",Itel,7199,5.0,1,32,2400,0.0,0,False
TE685MP32J788NAFAMZ,tecno spark 10 pro,Tecno,25895,6.8,8,256,5000,0.0,0,False
TE685MP22TJFVNAFAMZ,tecno spark 10,Tecno,19999,6.6,8,128,5000,0.0,0,False
IT910MP25FQ7VNAFAMZ,itel a33 plus,Itel,7590,5.0,1,32,3020,0.0,0,False
TE685MP2XNC4SNAFAMZ,tecno spark 10c,Tecno,18699,6.6,8,128,5000,0.0,0,False
XI996MP31XYLVNAFAMZ,xiaomi redmi a2+ (plus),XIAOMI,12499,6.52,2,32,5000,5.0,1,False
NO891MP2NAEN9NAFAMZ,"nokia c12 6.3""display",Nokia,13499,6.3,2,64,3000,0.0,0,False
IT910MP22DL2MNAFAMZ,itel a60,Itel,10700,6.6,2,32,5000,4.0,1,False
RE851MP2CAW59NAFAMZ,realme c25y,Realme,19590,6.5,4,128,5000,0.0,0,False
XT648MP1H9144NAFAMZ,x tigi sharp 2,X Tigi,16300,7.12,4,64,5500,3.5,2,False
SA948MP2NVMQSNAFAMZ,samsung galaxy a14,Samsung,20390,6.6,4,64,5000,1.0,1,False
XA876MP2O3551NAFAMZ,xiaomi redmi 10a,XIAOMI,18200,6.53,4,128,5000,0.0,0,False
SA948MP2M2US1NAFAMZ,samsung galaxy a14,Samsung,20399,6.6,4,64,5000,0.0,0,False
TE685MP3AMHC8NAFAMZ,tecno spark 10,Tecno,20399,6.6,8,128,5000,5.0,1,False
SA948MP03VFZ4NAFAMZ,samsung galaxy a03 core,Samsung,11899,6.5,2,32,5000,0.0,0,False
IN213MP1Y9VWXNAFAMZ,infinix hot 30 play,Infinix,19299,6.82,8,128,6000,0.0,0,False
TE685MP2N0ZZZNAFAMZ,tecno spark 10 pro,Tecno,26799,6.8,16,256,5000,0.0,0,False
IN213MP1UF4G8NAFAMZ,infinix note 30,Infinix,29999,6.66,8,256,5000,0.0,0,False
TE685MP2U5RIDNAFAMZ,"tecno pop 7 pro 6.6"" display 4gb ram + 64gb rom 13mp ",Tecno,16999,6.6,4,64,5000,0.0,0,False
TE685MP38U6IWNAFAMZ,tecno spark 10c,Tecno,16685,6.6,4,128,5000,3.8,8,False
IN213MP1YL7IRNAFAMZ,infinix hot 30 play,Infinix,18880,6.82,8,128,6000,0.0,0,False
SA948MP25YH41NAFAMZ,samsung galaxy a24 4g,Samsung,31999,6.5,4,128,5000,0.0,0,False
SA948MP28D7DENAFAMZ,samsung galaxy a14,Samsung,19980,6.6,4,64,5000,0.0,0,False
IT910MP2IAACDNAFAMZ,"itel s23 6.6""",Itel,18850,6.6,8,128,5000,0.0,0,False
TE685MP2R1QEQNAFAMZ,tecno camon 20 pro 4g mr doodle edition,Tecno,35699,6.67,8,256,5000,0.0,0,False
TE685MP21F2FPNAFAMZ,"tecno pop 7 pro 6.6""display+upto 7gb ram+64gb storage (4g-dual sim)",Tecno,16390,6.6,7,64,5000,0.0,0,False
TE685MP1O398XNAFAMZ,tecno camon 20 pro,Tecno,35999,6.67,8,256,5000,0.0,0,False
TE685MP2B4QCXNAFAMZ,tecno camon 20 pro,Tecno,34990,6.67,8,256,5000,0.0,0,False
XI996MP1TS2BQNAFAMZ,xiaomi redmi 12c,XIAOMI,15799,6.71,3,64,5000,0.0,0,False
TE685MP37L65KNAFAMZ,"tecno spark 10 // disp 6.6""// 128gb+8gb// 50 mp//dual sim// 5000mah//ksly+sw+bt+r",Tecno,20299,6.6,8,128,5000,0.0,0,False
XI996MP21BXJ6NAFAMZ,xiaomi redmi 12c,XIAOMI,19599,6.71,4,128,5000,0.0,0,False
SA948MP1X7M8HNAFAMZ,samsung galaxy a24 4g,Samsung,31999,6.5,4,128,5000,0.0,0,False
IN213MP25F3Z2NAFAMZ,"infinix smart 7 plus 6.6""",Infinix,13850,6.6,3,64,6000,0.0,0,False
TE685MP28RTV0NAFAMZ,tecno spark 10c,Tecno,17200,6.6,4,128,5000,0.0,0,False
IN213MP1PLVRMNAFAMZ,"infinix smart 7 plus 6.6"" hd+",Infinix,14999,6.6,3,64,6000,0.0,0,False
RE851MP0AIDUANAFAMZ,"realme c25y 6.5""",Realme,20500,6.5,4,128,5000,0.0,0,False
OP896MP2I03Q2NAFAMZ,oppo  a18,Oppo,20299,6.56,4,128,5000,1.0,1,False
TE685MP1QBE3WNAFAMZ,tecno spark 10c,Tecno,17300,6.6,4,128,5000,4.5,4,False
IN213MP30126UNAFAMZ,"infinix smart 7 plus 6.6"" hd+",Infinix,13999,6.6,3,64,6000,4.3,3,False
SA948MP2LPIM8NAFAMZ,samsung galaxy a04,Samsung,16499,6.5,4,64,5000,0.0,0,False
OP896MP2SUVQYNAFAMZ,"oppo  a38 - 6.56"" screen",Oppo,23495,6.56,4,128,5000,0.0,0,False
OP896MP1QM3YUNAFAMZ,oppo a18,Oppo,19799,6.56,4,128,5000,0.0,0,False
IT910MP3AZ2C3NAFAMZ,itel a60s,Itel,14999,6.6,4,128,5000,0.0,0,False
IN213MP27SD3FNAFAMZ,infinix smart 7 hd dual sim 4g - 6.6'' - 64gb+ 2gb up to 4gb ram  - 5000mah ce18,Infinix,13299,7.0,2,64,5000,5.0,3,False
IN213MP1ZQ91UNAFAMZ,infinix smart 7 plus,Infinix,14199,6.6,3,64,6000,0.0,0,False
IN213MP2108VDNAFAMZ,infinix note 30 pro,Infinix,37998,6.67,8,256,5000,0.0,0,False
IT910MP2UJD32NAFAMZ,itel a04,Itel,9399,6.3,2,32,4000,0.0,0,False
IT910MP1UHLG5NAFAMZ,itel a60s,Itel,14895,6.6,4,128,5000,0.0,0,False
IT910MP2Z2E8JNAFAMZ,itel a60s,Itel,14899,6.6,4,128,5000,0.0,0,False
TE685MP23SUI9NAFAMZ,tecno spark 10 pro,Tecno,27495,6.8,16,256,5000,0.0,0,False
IN213MP1O9M0HNAFAMZ,infinix hot 30 play,Infinix,19799,6.82,8,128,6000,5.0,1,False
OP896MP3AEHLFNAFAMZ,oppo a78,Oppo,34999,6.43,8,256,5000,0.0,0,False
RE851MP2TKFEFNAFAMZ,realme c30s,Realme,15999,6.5,3,64,5000,0.0,0,False
NO891MP2F7VPZNAFAMZ,nokia c12,Nokia,13499,6.3,2,64,3000,0.0,0,False
OP896MP21UUAXNAFAMZ,oppo a17,Oppo,20600,6.56,4,64,5000,0.0,0,False
XI996MP2237GMNAFAMZ,xiaomi redmi 12c,XIAOMI,19799,6.71,4,128,5000,4.8,4,False
IT910MP2WR0FPNAFAMZ,"itel a18 ;5.0"" ",Itel,7099,5.0,1,32,2400,0.0,0,False
SA948MP1PGIHKNAFAMZ,samsung galaxy a14,Samsung,19999,6.6,4,64,5000,0.0,0,False
AP044MP37NBIYNAFAMZ,apple one 14 pro max,Apple,204999,6.7,6,256,4323,0.0,0,False
IN213MP2KOVC9NAFAMZ,infinix hot 30 play,Infinix,19499,6.82,8,128,6000,0.0,0,False
IT910MP1PZVHSNAFAMZ,itel a60,Itel,10495,6.6,2,32,5000,4.5,2,False
TE685MP2P2C5QNAFAMZ,"tecno pop 7 6.6"" display 2gb ram + 64gb rom",Tecno,12295,6.6,2,64,5000,0.0,0,False
SA948MP1BCN2FNAFAMZ,samsung galaxy a04s,Samsung,22499,6.5,4,64,5000,0.0,0,False
SA948MP0DQTASNAFAMZ,samsung galaxy a23,Samsung,27499,6.6,4,64,5000,3.4,7,False
SA948MP2VWGEQNAFAMZ,samsung galaxy m34 5g,Samsung,39999,6.5,6,128,6000,0.0,0,False
VI088MP2T6FG8NAFAMZ,vivo 17s - 6.56'' display,Vivo,20899,6.56,6,128,5000,0.0,0,False
TE685MP2RMD3LNAFAMZ,tecno camon 20,Tecno,29999,6.67,8,256,5000,5.0,1,False
XT648MP1GVF80NAFAMZ,x tigi a10s,X Tigi,10799,6.3,3,32,4000,0.0,0,False
IN213MP2ZTMBWNAFAMZ,infinix hot 30 play,Infinix,18500,6.82,8,128,6000,0.0,0,False
TE685MP2W9UDGNAFAMZ,"tecno spark 10 pro - 6.8"" 8gb ram",Tecno,23999,6.8,8,128,5000,2.0,2,False
DO268MP2ZILDBNAFAMZ,"doogee s61 pro 6.0"" 128gb+8gb android 12  20mp night vision 5180mah smartphones",Doogee,31999,6.0,8,128,5180,0.0,0,False
IN213MP319NFQNAFAMZ,infinix smart 7 plus,Infinix,13299,6.6,3,64,6000,0.0,0,False
MA591MP35K34ZNAFAMZ,"maxphone max80 plus - 6.52"" - 16gb + 2gb ram (dual sim) - 5075mah - blue",Maxphone,7849,6.52,2,16,5075,0.0,0,False
IT910MP1QE7CPNAFAMZ,"itel s23 6.6""",Itel,13895,6.6,8,128,5000,0.0,0,False
IT910MP2B921FNAFAMZ,itel a60s,Itel,14799,6.6,4,128,5000,0.0,0,False
IN213MP2B2B0TNAFAMZ,infinix hot 30,Infinix,26900,6.78,8,256,5000,4.5,2,False
SA948MP1OLLC6NAFAMZ,samsung galaxy a04,Samsung,17550,6.5,4,64,5000,4.5,2,False
IN213MP1NWQN2NAFAMZ,infinix smart 7 hd,Infinix,13299,7.0,2,64,5000,0.0,0,False
XI996MP34QP5FNAFAMZ,xiaomi redmi a2 plus,XIAOMI,13299,6.52,2,32,5000,0.0,0,False
TE685MP2WTYAANAFAMZ,"tecno pop 7  6.6"" display 2gb ram + 64gb rom",Tecno,12599,6.6,2,64,5000,3.3,3,False
IT910MP2WQK1JNAFAMZ,itel a60s,Itel,14980,6.6,4,128,5000,0.0,0,False
IT910MP2PKJXWNAFAMZ,itel a60s,Itel,10995,6.6,8,64,5000,0.0,0,False
IN213MP1V38BTNAFAMZ,infinix hot 30 play,Infinix,19499,6.82,8,128,6000,5.0,1,False
OP896MP34JMO9NAFAMZ,oppo a17,Oppo,20850,6.56,4,64,5000,0.0,0,False
IT910MP20ZFM8NAFAMZ,itel a60,Itel,10695,6.6,2,32,5000,0.0,0,False
SA948MP312O4RNAFAMZ,samsung galaxy f23,Samsung,32999,6.6,6,128,5000,0.0,0,False
IT910MP2W54FRNAFAMZ,itel a60s,Itel,14650,6.6,4,128,5000,0.0,0,False
XI996MP1482NVNAFAMZ,"xiaomi redmi a1+ 6.52"" 2gb + 32gb 5000mah (dual sim) 4g lte +free quality gifts",XIAOMI,13888,6.52,2,32,5000,0.0,0,False
HO378MP367F3BNAFAMZ,hotwav cyber x pro,Hotwav,42160,6.78,12,256,10200,0.0,0,False
IT910MP2QBQFFNAFAMZ,itel a60s,Itel,12399,6.6,4,64,5000,0.0,0,False
MA541MP266HM8NAFAMZ,"maxfone max50 pro 6.55""",Maxfone,9500,6.55,3,32,3750,0.0,0,False
TE685MP2W535KNAFAMZ,tecno spark 10 pro,Tecno,22999,6.8,8,128,5000,5.0,1,False
SA948MP2CGJ1DNAFAMZ,samsung galaxy a24 4g,Samsung,34599,6.5,6,128,5000,0.0,0,False
IN213MP1VPE7ONAFAMZ,infinix smart 7 hd,Infinix,12450,7.0,2,64,5000,5.0,3,False
IN213MP2G4W29NAFAMZ,infinix hot 30 play,Infinix,19599,6.82,8,128,6000,0.0,0,False
OP896MP277TF5NAFAMZ,oppo a78,Oppo,33100,6.43,8,256,5000,0.0,0,False
VI088MP2N83EGNAFAMZ,vivo y17s - 6.56'' display,Vivo,20599,6.56,6,128,5000,0.0,0,False
TE685MP2JLVQBNAFAMZ,tecno spark 10 5g,Tecno,26499,6.6,16,256,5000,0.0,0,False
IT910MP30B5J5NAFAMZ,"itel a18  ;5.0"" ;",Itel,7499,5.0,1,32,2400,5.0,1,False
UL031MP34NAA5NAFAMZ,ulefone note 15,Ulefone,10730,6.22,2,32,4000,0.0,0,False
TE685MP32BRRPNAFAMZ,"tecno pop 7  6.6"" display 64gb rom + up to 4gb ram",Tecno,13399,6.6,4,64,5000,0.0,0,False
TE685MP1W4LWXNAFAMZ,"tecno camon 20 6.67""(256gb+8gb )64mp",Tecno,28500,6.67,8,256,5000,0.0,0,False
OP896MP04JP6VNAFAMZ,oppo a16k,Oppo,19999,6.52,4,64,4230,5.0,1,False
XI996MP13MN23NAFAMZ,"xiaomi redmi a1+ 6.52"" 2gb + 32gb 5000mah (dual sim) 4g lte +free classy gifts",XIAOMI,13888,6.52,2,32,5000,0.0,0,False
TE685MP2NGBGENAFAMZ,"tecno spark 10 6.6"" hd+ 128gb rom + 8gb ram 4g 5000mah+classy gifts",Tecno,19999,6.6,8,128,5000,0.0,0,False
IN213MP31X6YONAFAMZ,infinix infinixx hot 12,Infinix,17999,6.82,4,64,5000,0.0,0,False
OP896MP2JZ1QINAFAMZ,oppo a18,Oppo,19999,6.56,4,128,5000,0.0,0,False
TE685MP1YIIDBNAFAMZ,tecno camon 20,Tecno,28999,6.67,8,256,5000,0.0,0,False
SA948MP2XLR4ENAFAMZ,samsung galaxy m34 5g,Samsung,39899,6.5,6,128,6000,0.0,0,False
RE851MP35H3HZNAFAMZ,realme c30s,Realme,15999,6.5,3,64,5000,0.0,0,False
TE685MP2CQAXHNAFAMZ,"tecno pop 7 pro 6.6""display+upto 7gb ram+64gb storage (4g-dual sim)",Tecno,15490,6.6,7,64,5000,0.0,0,False
XI996MP1XX686NAFAMZ,xiaomi redmi 12c,XIAOMI,19599,6.71,4,128,5000,5.0,1,False
IN213MP2MW0HENAFAMZ,infinix smart 7 plus,Infinix,13699,6.6,3,64,6000,4.7,3,False
OP896EL177JE4NAFAMZ,"oppo a7 - 64gb rom - 3gb ram - 6.2"" - 4230mah - dual sim 4g - gold",Oppo,24000,6.2,3,64,4230,0.0,0,False
OP896MP388T8UNAFAMZ,oppo a98 5g 6.72-inch,Oppo,43699,6.72,8,256,5000,0.0,0,False
IN213MP1YAT76NAFAMZ,"infinix smart 7 plus 6.6"" hd+",Infinix,14399,6.6,3,64,6000,0.0,0,False
NO891MP1RHKPLNAFAMZ,nokia c31,Nokia,17000,6.75,4,64,5050,0.0,0,False
IT910MP2F8HV5NAFAMZ,itel a04,Itel,9690,6.3,2,32,4000,0.0,0,False
OP896MP07V6IGNAFAMZ,oppo a96,Oppo,38799,6.43,8,256,4500,0.0,0,False
XI996MP2ZZG0ZNAFAMZ,xiaomi redmi a2+ 6.52 inches2gb ram 32gb storage,XIAOMI,12990,6.52,2,32,5000,1.0,1,False
IN213MP2ZH9VINAFAMZ,infinix smart 7 hd,Infinix,13499,7.0,2,64,5000,5.0,2,False
IN213MP252S6GNAFAMZ,infinix note 30,Infinix,28899,6.66,8,256,5000,0.0,0,False
TE685MP24XQJINAFAMZ,"tecno spark 10c //display 6.6""// 128gb+8gb ram// 16mp//dual sim// 5000mah//ksly -g",Tecno,18499,6.6,8,128,5000,4.3,10,False
HO358MP2DCGK7NAFAMZ,honor x6,Honor,19699,6.5,4,64,5000,0.0,0,False
SA948MP2BDJ1GNAFAMZ,samsung galaxy a14,Samsung,20350,6.6,4,64,5000,0.0,0,False
TE685MP0UX3AVNAFAMZ,"tecno pop 5 pro 6.52""//size (2gb ram +32gb)8mp 6000mah",Tecno,13299,6.52,2,32,6000,0.0,0,False
IT910MP2CFZI0NAFAMZ,itel a04,Itel,9499,6.3,2,32,4000,0.0,0,False
IT910MP1Z9D99NAFAMZ,"itel a18  ;5.0"" ;",Itel,7399,5.0,1,32,2400,0.0,0,False
OP896MP36CE41NAFAMZ,oppo a78,Oppo,33100,6.43,8,256,5000,0.0,0,False
IT910MP33Q1NRNAFAMZ,itel a04,Itel,9499,6.3,2,32,4000,0.0,0,False
SA948MP26X6ICNAFAMZ,samsung galaxy a14,Samsung,19890,6.6,4,64,5000,5.0,1,False
SA948MP2MGSBVNAFAMZ,samsung galaxy m13,Samsung,24590,6.6,4,64,5000,4.0,1,False
TE685MP2CSYQNNAFAMZ,tecno spark 10c ,Tecno,17499,6.6,4,128,5000,0.0,0,True
IN213MP1PTKC4NAFAMZ,infinix zero 30 5g,Infinix,54999,6.78,12,256,5000,0.0,0,False
TE685MP1SSQ0FNAFAMZ,tecno spark 10c - 6.56'' display -128gb + 8gb ram - - 5000mah+smartnets 10,Tecno,19900,6.56,8,128,5000,5.0,1,False
OA096MP27WN3NNAFAMZ,oale db1,Oale,6799,6.55,1,8,3750,0.0,0,False
IT910MP29TG9DNAFAMZ,itel p40,Itel,11650,6.6,4,64,6000,0.0,0,False
RE851MP2TD9RFNAFAMZ,realme c55,Realme,28895,6.72,8,256,5000,0.0,0,False
XI996MP2WJMO1NAFAMZ,xiaomi redmi 12c,XIAOMI,19550,6.71,4,128,5000,0.0,0,False
TE685MP2TASPLNAFAMZ,"tecno pop 7 (bf6) 6.6"" hd+",Tecno,13800,6.6,4,64,5000,0.0,0,False
IN213MP2AH1E1NAFAMZ,infinix note 30 pro,Infinix,37598,6.67,8,256,5000,0.0,0,False
IT910MP2IKYQWNAFAMZ,itel a04,Itel,9680,6.3,2,32,4000,5.0,1,False
SA948MP3B1BQYNAFAMZ,samsung galaxy a14,Samsung,19290,6.6,4,64,5000,0.0,0,False
SA948MP36ZY2VNAFAMZ,samsung galaxy m33 5g,Samsung,33490,6.6,6,128,6000,4.5,18,False
IT910MP2GNJFPNAFAMZ,itel a05s,Itel,9895,6.6,4,32,4000,0.0,0,False
IT910MP0G40OPNAFAMZ,itel s18,Itel,13500,6.6,2,64,5000,0.0,0,False
SA948MP28LBI5NAFAMZ,samsung galaxy z flip5,Samsung,159999,6.7,8,256,3700,0.0,0,False
IN213MP3APCOINAFAMZ,infinix smart 7 plus,Infinix,13599,6.6,3,64,6000,0.0,0,False
TE685MP1UF2BTNAFAMZ,tecno camon 20,Tecno,28399,6.67,8,256,5000,0.0,0,False
XI996MP2X6HRNNAFAMZ,xiaomi redmi a2 plus,XIAOMI,12699,6.52,2,32,5000,0.0,0,False
IN213MP2L6UA1NAFAMZ,infinix note 30 pro,Infinix,37598,6.67,8,256,5000,0.0,0,False
IN213MP2L6UA1NAFAMZ,infinix note 30 pro,Infinix,37598,6.67,8,256,5000,0.0,0,False
OP896MP0I72OUNAFAMZ,oppo reno 7 5g,Oppo,56599,6.43,8,256,4500,0.0,0,False
NO891MP2BDQJPNAFAMZ,"nokia c12 6.3""display",Nokia,13800,6.3,2,64,3000,0.0,0,False
TE685MP2JZF4ENAFAMZ,tecno spark 10 pro,Tecno,22235,6.8,8,128,5000,3.2,13,False
XI996MP2XR1OKNAFAMZ,xiaomi redmi 12c,XIAOMI,15799,6.71,3,64,5000,0.0,0,False
TE685MP1YCYCYNAFAMZ,"tecno pop 7 pro 6.6"" 3gb + 64gb rom 13mp ",Tecno,13649,6.6,3,64,5000,0.0,0,False
IN213MP1GA98PNAFAMZ,infinix hot 20i,Infinix,16599,6.6,4,64,5000,0.0,0,False
TE685MP2V6KIDNAFAMZ,tecno spark 10,Tecno,19699,6.6,16,128,5000,0.0,0,False
UL031MP0OLIXBNAFAMZ,ulefone note 10p 3gb+128gb 5500mah battery 6.52 inch android 11 4g dual sim otg smartphone - green,Ulefone,11499,6.52,3,128,5500,0.0,0,False
TE685MP2QQ0JFNAFAMZ,tecno camon 20 6.67-inch 256gb+8gb ram-64 mp-battery-5000mah- //wz// - ipb,Tecno,28490,6.67,8,256,5000,0.0,0,False
RE851MP2WEBRGNAFAMZ,realme c30s,Realme,13790,6.5,3,64,5000,0.0,0,False
SA948MP1TJO04NAFAMZ,samsung galaxy m33 5g,Samsung,35999,6.6,6,128,6000,4.7,3,False
IN213MP1PD9CNNAFAMZ,infinix hot 30 play,Infinix,18650,6.82,8,128,6000,0.0,0,False
SA948MP34IJX0NAFAMZ,samsung galaxy m33 5g,Samsung,35999,6.6,6,128,6000,0.0,0,False
OP896MP3350S2NAFAMZ,oppo  a18,Oppo,20699,6.56,4,128,5000,0.0,0,False
IN213MP1XJP6BNAFAMZ,infinix hot 30 play,Infinix,18200,6.82,8,128,6000,0.0,0,False
IN213MP2LHONANAFAMZ,infinix hot 30i,Infinix,16880,6.6,4,128,5000,0.0,0,False
XI996MP2RTLBNNAFAMZ,xiaomi redmi a2 plus,XIAOMI,12699,6.52,2,32,5000,0.0,0,False
IN213MP2GXOFMNAFAMZ,infinix smart 7 plus,Infinix,13660,6.6,3,64,6000,0.0,0,False
TE685MP2WVPZENAFAMZ,tecno camon 20,Tecno,28399,6.67,8,256,5000,0.0,0,False
SA948MP019FWHNAFAMZ,samsung galaxy a04s,Samsung,20999,6.5,4,64,5000,5.0,3,False
SA948MP33G9S7NAFAMZ,samsung galaxy f23 5g,Samsung,31500,6.6,6,128,5000,4.0,1,False
XI996MP2T7TBHNAFAMZ,xiaomi redmi 12c,XIAOMI,19250,6.71,4,128,5000,0.0,0,False
IT910MP1WK26JNAFAMZ,itel a60s,Itel,12399,6.6,4,64,5000,0.0,0,False
IN213MP2DU5I4NAFAMZ,infinix smart 7 plus,Infinix,13499,6.6,3,64,6000,0.0,0,False
TE685MP0HSC7VNAFAMZ,tecno spark 8p,Tecno,17800,6.6,4,128,5000,0.0,0,False
IT910MP1VG5NJNAFAMZ,itel a60s,Itel,12795,6.6,8,128,5000,0.0,0,False
TE685MP2Q84ZWNAFAMZ,tecno spark 10c,Tecno,16899,6.6,4,128,5000,5.0,1,False
NO891MP30QIOPNAFAMZ,nokia c31,Nokia,17000,6.75,4,64,5050,0.0,0,False
SA948MP30X1O5NAFAMZ,samsung galaxy a04s,Samsung,28700,6.5,4,128,5000,0.0,0,False
IN213MP34UEJ3NAFAMZ,"infinix smart 7 plus 6.6"" hd+",Infinix,14399,6.6,3,64,6000,0.0,0,False
XI996MP2KOWX5NAFAMZ,xiaomi redmi a1+ (plus),XIAOMI,13995,6.52,2,32,5000,5.0,3,False
IT910MP39S32MNAFAMZ,itel a60,Itel,10999,6.6,2,32,5000,0.0,0,False
TE685MP252FBCNAFAMZ,"tecno spark 10 6.6""128gb storage +8+8gb ram",Tecno,21545,6.6,8,128,5000,0.0,0,False
IN213MP33H3IKNAFAMZ,"infinix note 30 pro-6.67""256gb rom+upto 16gb ram-108/32mp camera-5000mah+pw-gifts..van",Infinix,44895,6.67,16,256,5000,0.0,0,False
SA948MP1NVBD2NAFAMZ,samsung galaxy f13,Samsung,25699,6.6,4,64,6000,4.4,9,False
GI271EL0JVBFFNAFAMZ,gionee f6 5.7-inch (3gb,Gionee,22458,5.7,3,32,2970,0.0,0,False
XI996MP1POO9INAFAMZ,xiaomi redmi a2 plus,XIAOMI,13500,6.52,3,64,5000,0.0,0,False
IT910MP1VHBZWNAFAMZ,itel a60,Itel,10299,6.6,2,32,5000,0.0,0,False
IT910MP2JHSUTNAFAMZ,"itel s23 6.6""",Itel,14699,6.6,8,128,5000,5.0,1,False
SA948MP12L9CTNAFAMZ,samsung galaxy a04s,Samsung,20599,6.5,4,64,5000,0.0,0,False
TE685MP305KFZNAFAMZ,"tecno spark 10c .display 6.6""..128gb+8gb ram.. 16mp dual sim 5000mah",Tecno,18300,6.6,8,128,5000,0.0,0,False
IT910MP22WR30NAFAMZ,"itel  a18s - 5""display - 32gb rom - 2gb ram - 2400mah - 5.0mp - 2.0mp - orange ",Itel,7699,5.0,2,32,2400,0.0,0,False
UM548MP1SC0K9NAFAMZ,"umidigi c1&g1 32gb+3gb 5150mah 6.52"" quad core 4g android 12 dual sim smartphone",UMIDIGI,13399,6.52,3,32,5150,0.0,0,False
IN213MP2TD0KSNAFAMZ,infinix smart 7 hd,Infinix,12900,7.0,2,64,5000,0.0,0,False
IN213MP36FU0LNAFAMZ,"infinix smart 7 hd 6.6"" hd+",Infinix,12490,7.0,2,64,5000,4.3,12,False
UL031MP1VIDFGNAFAMZ,ulefone note 12p smartphone 4gb+64gb 6.82 inch 13mp rear camera 7700mah,Ulefone,20499,6.82,4,64,7700,0.0,0,False
OP896MP26Y5TUNAFAMZ,oppo a58,Oppo,25299,6.72,6,128,5000,0.0,0,False
IN213MP09260NNAFAMZ,infinix hot 11 play,Infinix,15499,6.82,4,64,6000,0.0,0,False
IT910MP2G09SXNAFAMZ,"itel a18  ;5.0"" ;",Itel,7499,5.0,1,32,2400,0.0,0,False
IN213MP2W6JBDNAFAMZ,infinix hot 30 play,Infinix,19299,6.82,8,128,6000,0.0,0,False
OP896MP2A31OZNAFAMZ,oppo a78,Oppo,34699,6.43,8,256,5000,0.0,0,False
TE685MP2F0A8FNAFAMZ,"tecno pop 7 6.6"" display upto 4gb extended ram + 64gb rom",Tecno,12645,6.6,4,64,5000,0.0,0,False
XI996MP2Z65D9NAFAMZ,xiaomi redmi 12c,XIAOMI,19550,6.71,4,128,5000,0.0,0,False
IN213MP2CJTXNNAFAMZ,infinix smart 7 hd dual sim 4g - 6.6'' - 64gb+ 2gb up to 4gb ram  - 5000mah ce13,Infinix,12999,7.0,2,64,5000,0.0,0,False
IN213MP0SNBTJNAFAMZ,infinix hot 11 play,Infinix,15588,6.82,4,64,6000,0.0,0,False
BL894MP29GD3RNAFAMZ,blackview bv8900,Blackview,39850,6.5,8,256,10000,0.0,0,False
SA948MP2R1G4VNAFAMZ,samsung galaxy a04s,Samsung,22499,6.5,4,128,5000,0.0,0,False
IT910MP2HZ4HPNAFAMZ,itel a60s,Itel,12999,6.6,4,128,5000,0.0,0,False
OP896MP39VJZYNAFAMZ,"oppo a38 - 6.56"" screen 4gb/128gb storage",Oppo,22995,6.56,4,128,5000,0.0,0,False
TE685MP2CV5IENAFAMZ,tecno pop 7 pro,Tecno,14220,6.6,4,64,5000,5.0,1,False
TE685MP0NX40GNAFAMZ,tecno spark 8p,Tecno,17700,6.6,4,128,5000,0.0,0,False
TE685MP331VI6NAFAMZ,"tecno spark 10c //disp 6.6""// 128gb+8gb ram// 16mp// 5000mah//ksly+ph+r+w",Tecno,19199,6.6,8,128,5000,0.0,0,False
SA948MP2P7Z4INAFAMZ,samsung galaxy a14 4g,Samsung,20499,6.6,4,64,5000,0.0,0,False
RE851MP32RBZ5NAFAMZ,realme c33 6.5'' display,Realme,20990,6.5,4,128,5000,0.0,0,False
OP896MP2T4X1VNAFAMZ,oppo a78,Oppo,34999,6.43,8,256,5000,0.0,0,False
SA948MP2XFEVUNAFAMZ,samsung galaxy a04e,Samsung,13599,6.5,3,32,5000,0.0,0,False
TE685MP28K3ITNAFAMZ,tecno spark 10,Tecno,20399,6.6,16,128,5000,0.0,0,False
SA948MP219K9GNAFAMZ,samsung galaxy a14,Samsung,23499,6.6,4,128,5000,4.3,3,False
SA948MP30JM5CNAFAMZ,samsung galaxy a24 4g,Samsung,32199,6.5,6,128,5000,0.0,0,False
TE685MP35KTAKNAFAMZ,tecno pop 7 pro,Tecno,13499,6.6,3,64,5000,0.0,0,False
TE685MP1TMLJANAFAMZ,tecno spark 10c,Tecno,17600,6.6,4,128,5000,0.0,0,False
SA948MP1WGJVSNAFAMZ,samsung galaxy a14,Samsung,20350,6.6,4,64,5000,4.5,2,False
TE685MP1VRP7FNAFAMZ,tecno pop 7 pro,Tecno,13599,6.6,3,64,5000,5.0,1,False
IN213MP34R0MQNAFAMZ,infinix smart 7 plus,Infinix,13799,6.6,3,64,6000,0.0,0,False
TE685MP39JLWVNAFAMZ,tecno spark 8p,Tecno,18000,6.6,4,128,5000,5.0,1,False
SA948MP2Z6Y29NAFAMZ,samsung galaxy a14 4g,Samsung,24295,6.6,4,128,5000,0.0,0,False
TE685MP1R80JPNAFAMZ,tecno spark 10 pro,Tecno,25400,6.8,8,256,5000,0.0,0,False
IN213MP2YO3QCNAFAMZ,infinix note 30 4g,Infinix,29590,6.66,8,256,5000,0.0,0,False
IT910MP0BRKORNAFAMZ,itel a18,Itel,7599,5.0,1,32,2400,0.0,0,False
SA948MP32AGL4NAFAMZ,samsung galaxy a04s,Samsung,20599,6.5,4,64,5000,0.0,0,False
OP896MP2PC3TANAFAMZ,oppo a18,Oppo,20599,6.56,4,128,5000,0.0,0,False
XI996MP0AJP3HNAFAMZ,xiaomi redmi a1+ (plus),XIAOMI,13450,6.52,2,32,5000,4.3,4,False
TE685MP2O9CEHNAFAMZ,tecno camon 20  6.67-inch 256gb+8gb ram-64 mp-battery-5000mah- +free good gifts,Tecno,28999,6.67,8,256,5000,5.0,5,False
XA876MP2I4T39NAFAMZ,xiaomi redmi 10a,XIAOMI,18200,6.53,4,128,5000,0.0,0,False
RE851MP2Z0JTKNAFAMZ,realme c30s,Realme,15895,6.5,2,32,5000,0.0,0,False
TE685MP361F9KNAFAMZ,tecno camon 20 pro,Tecno,35599,6.67,8,256,5000,0.0,0,False
IN213MP2TPLFLNAFAMZ,infinix smart 7 hd,Infinix,12000,7.0,2,64,5000,0.0,0,False
XI996MP2CGLWZNAFAMZ,xiaomi redmi a2 plus,XIAOMI,12999,6.52,2,32,5000,0.0,0,False
IT910MP2NIYUKNAFAMZ,itel a04,Itel,9499,6.3,2,32,4000,2.0,2,False
TE685MP1ZWQNCNAFAMZ,tecno camon 20,Tecno,28399,6.67,8,256,5000,0.0,0,False
SA948MP22X6JONAFAMZ,samsung galaxy m33 (5g),Samsung,34990,6.6,6,128,6000,0.0,0,False
RE851MP3744NGNAFAMZ,realme c30s,Realme,13390,6.5,3,64,5000,5.0,2,False
TE685MP2JASS1NAFAMZ,tecno camon 20 pro,Tecno,35999,6.67,8,256,5000,0.0,0,False
TE685MP35LAOONAFAMZ,"tecno pop 7 6.6"" display 2gb ram + 64gb rom",Tecno,12500,6.6,2,64,5000,5.0,1,False
IT910MP2BVPGXNAFAMZ,itel a04,Itel,8999,6.3,2,32,4000,2.0,1,False
TE685MP2TFDB3NAFAMZ,tecno spark 10 pro,Tecno,25550,6.8,8,256,5000,0.0,0,False
XI996MP22F3GHNAFAMZ,xiaomi redmi 12c,XIAOMI,19550,6.71,4,128,5000,0.0,0,False
IN213MP1Q3AJHNAFAMZ,infinix note 12 vip,Infinix,50000,6.67,8,256,4500,0.0,0,False
SA948MP32RTTPNAFAMZ,samsung galaxy a04e,Samsung,18999,6.5,4,128,5000,0.0,0,False
XI996MP2IRSXFNAFAMZ,xiaomi redmi a2 plus,XIAOMI,13199,6.52,2,32,5000,0.0,0,False
NO891MP2R4JTJNAFAMZ,nokia c12,Nokia,13399,6.3,2,64,3000,0.0,0,False
MA591MP2IJ1GJNAFAMZ,"maxphone max80 plus - 6.52"" - 16gb + 2gb ram (dual sim) - 5075mah - grey",Maxphone,7849,6.52,2,16,5075,0.0,0,False
SA948MP2CT6A9NAFAMZ,samsung galaxy a24 4g,Samsung,31999,6.5,4,128,5000,0.0,0,False
IT910MP1YII13NAFAMZ,itel a18,Itel,7999,5.0,1,32,2400,0.0,0,False
IT910MP1KGAH5NAFAMZ,itel s18,Itel,17999,6.6,2,64,5000,5.0,1,False
RE851MP2OSZULNAFAMZ,realme c25y,Realme,19500,6.5,4,128,5000,0.0,0,False
IT910MP1ZKTMMNAFAMZ,itel a04,Itel,9599,6.3,2,32,4000,0.0,0,False
TE685MP2PEBQENAFAMZ,"tecno pop 7 pro 6.6"" hd+",Tecno,15450,6.6,4,64,5000,0.0,0,False
OP896MP0VQJXBNAFAMZ,oppo a16k,Oppo,18999,6.52,4,64,4230,0.0,0,False
NO891MP38E4D3NAFAMZ,nokia c12,Nokia,13899,6.3,2,64,3000,0.0,0,False
TE685MP2XMXTBNAFAMZ,tecno spark 8p,Tecno,17240,6.6,4,128,5000,4.7,3,False
IN213MP30Q961NAFAMZ,infinix note 30 pro,Infinix,36798,6.67,8,256,5000,0.0,0,False
TE685MP1XLY2GNAFAMZ,tecno spark 10 pro,Tecno,25899,6.8,8,256,5000,3.3,3,False
OP896MP2QXD8ENAFAMZ,oppo a18,Oppo,19999,6.56,4,128,5000,0.0,0,False
IT910MP348P9TNAFAMZ,itel a04,Itel,9499,6.3,2,32,4000,1.0,1,False
TE685MP2AKCHKNAFAMZ,tecno camon 20 pro 4g mr doodle edition (night),Tecno,36100,6.67,8,256,5000,0.0,0,False
IN213MP1YVBIPNAFAMZ,infinix hot 30 play,Infinix,21799,6.82,8,128,6000,0.0,0,False
IN213MP31GTBNNAFAMZ,infinix hot 30,Infinix,28198,6.78,8,256,5000,4.0,2,False
TE685MP1R32KHNAFAMZ,tecno spark 10 pro,Tecno,28590,6.8,16,128,5000,0.0,0,False
TE685MP2ETC7CNAFAMZ,tecno spark 10 5g,Tecno,26999,6.6,16,256,5000,0.0,0,False
TE685MP38XWEPNAFAMZ,tecno spark 10 pro,Tecno,27995,6.8,16,256,5000,0.0,0,False
TE685MP1PPYI4NAFAMZ,tecno spark 10c,Tecno,17200,6.6,4,128,5000,0.0,0,False
SA948MP2D1IQNNAFAMZ,samsung galaxy m33 5g,Samsung,35999,6.6,6,128,6000,0.0,0,False
RE851MP04K1SINAFAMZ,"realme c25y 6.5""",Realme,19800,6.5,4,128,5000,0.0,0,False
TE685MP2QY0UDNAFAMZ,tecno spark 10 pro,Tecno,25600,6.8,8,256,5000,0.0,0,False
TE685MP2QY0UDNAFAMZ,tecno spark 10 pro,Tecno,25600,6.8,8,256,5000,0.0,0,False
TE685MP1DB50RNAFAMZ,tecno spark 9pro,Tecno,23800,6.6,4,128,5000,0.0,0,False
SA948MP2P7SIFNAFAMZ,samsung galaxy a24 4g,Samsung,31599,6.5,4,128,5000,0.0,0,False
IN213MP2BAFRXNAFAMZ,infinix hot 30,Infinix,26699,6.78,8,256,5000,5.0,1,False
IN213MP2EGRPINAFAMZ,infinix hot 30i,Infinix,17350,6.6,4,128,5000,0.0,0,False
OP896MP0QNE5SNAFAMZ,oppo reno 7 5g,Oppo,70000,6.43,8,256,4500,0.0,0,False
TE685MP3286F8NAFAMZ,"tecno spark 10 pro - 6.8"" 8gb ram",Tecno,23999,6.8,8,128,5000,4.5,4,False
IN213MP2LHSI9NAFAMZ,infinix hot 30 play,Infinix,18999,6.82,8,128,6000,0.0,0,False
IT910MP1NXTSLNAFAMZ,itel a60s,Itel,14395,6.6,4,128,5000,0.0,0,False
OP896MP25JDHTNAFAMZ,oppo a78,Oppo,34899,6.43,8,256,5000,0.0,0,False
TE685MP2RF5L1NAFAMZ,"tecno pop 7 pro 6.6""",Tecno,13999,6.6,3,64,5000,0.0,0,False
UL031MP2INA3GNAFAMZ,ulefone armor 8 rugged phone,Ulefone,23499,6.1,4,64,5580,5.0,1,False
TE685MP39X0PCNAFAMZ,tecno spark 10 pro,Tecno,23450,6.8,8,128,5000,0.0,0,False
IT910MP2OLJW7NAFAMZ,"itel s23 6.6"" display",Itel,14395,6.6,8,128,5000,0.0,0,False
OP896MP2O2LQQNAFAMZ,oppo  a38,Oppo,23395,6.56,4,128,5000,0.0,0,False
XI996MP1U6OLYNAFAMZ,xiaomi redmi 12,XIAOMI,22499,6.79,8,128,5000,0.0,0,False
XI996MP3AVGOJNAFAMZ,xiaomi redmi a2 plus,XIAOMI,12999,6.52,2,32,5000,0.0,0,False
TE685MP2DUJQCNAFAMZ,tecno pop 7 pro,Tecno,14399,6.6,4,64,5000,5.0,1,False
XI996MP23K2NQNAFAMZ,xiaomi redmi a2 plus,XIAOMI,13600,6.52,3,64,5000,0.0,0,False
IN213MP1VD5XONAFAMZ,infinix smart 7 hd,Infinix,13200,7.0,2,64,5000,0.0,0,False
TE685MP2S5908NAFAMZ,tecno spark 10 pro,Tecno,22745,6.8,8,128,5000,0.0,0,False
IT910MP2DLGP4NAFAMZ,"itel s23 plus 6.78"" screen",Itel,23295,6.78,8,128,5000,0.0,0,False
XI996MP2PO7W6NAFAMZ,"xiaomi redmi a2 plus 6.52"" display 3gb + 64gb 5000mah (dual sim) - blue",XIAOMI,13599,6.52,3,64,5000,0.0,0,False
IT910MP2H7RRXNAFAMZ,"itel p37 android  6.5"" display",Itel,12500,6.5,2,32,5000,0.0,0,False
SA948MP24IQ5ENAFAMZ,samsung galaxy a14 4g,Samsung,23995,6.6,4,128,5000,0.0,0,False
TE685MP1VDSC2NAFAMZ,"tecno pop 7  6.6"" display 2gb ram + 64gb rom",Tecno,13598,6.6,2,64,5000,0.0,0,False
OP896MP0C8QN2NAFAMZ,oppo reno 7 5g,Oppo,55999,6.43,8,256,4500,0.0,0,False
IT910MP1Y4H9KNAFAMZ,itel a58,Itel,9299,6.6,1,16,4000,0.0,0,False
IN213MP1O1U43NAFAMZ,infinix hot 30,Infinix,27598,6.78,8,256,5000,0.0,0,False
SA948MP2JUA96NAFAMZ,samsung galaxy tab a7 lite,Samsung,20399,8.7,3,32,5000,0.0,0,False
SA948MP2TFD6CNAFAMZ,samsung galaxy a14,Samsung,20999,6.6,4,64,5000,4.0,1,False
TE685MP33MZRZNAFAMZ,"tecno pop 7 pro 6.6"" display 3gb ram + 64gb rom  13mp ",Tecno,14499,6.6,3,64,5000,0.0,0,False
TE685MP1Z42SCNAFAMZ,"tecno spark 10c //display 6.6""// 128gb+4gb ram// 16mp//dual sim// 5000mah//ksly",Tecno,16999,6.6,4,128,5000,4.5,2,False
OP896MP2P591YNAFAMZ,oppo a18,Oppo,19999,6.56,4,128,5000,0.0,0,False
XI996MP2NHW2KNAFAMZ,xiaomi redmi 12,XIAOMI,23299,6.7,8,128,5000,0.0,0,False
IN213MP1NULHANAFAMZ,infinix smart 7 hd,Infinix,12899,7.0,2,64,5000,4.0,1,False
IN213MP38H9C1NAFAMZ,infinix hot 30 play,Infinix,18899,6.82,8,128,6000,0.0,0,False
OP896MP0YXBGWNAFAMZ,oppo reno 7 5g,Oppo,58599,6.43,8,256,4500,0.0,0,False
SA948MP2DVAAGNAFAMZ,samsung galaxy a14,Samsung,20699,6.6,4,64,5000,4.1,35,False
XI996MP2YSTWMNAFAMZ,xiaomi redmi 12c,XIAOMI,17299,6.71,3,64,5000,3.5,11,False
IT910MP2149TQNAFAMZ,"itel  a26 5.7""screen size",Itel,8600,5.7,2,32,3020,0.0,0,False
OP896MP1Z3O8KNAFAMZ,"oppo a98 5g 6.72""ips lcd 8gb ram + 256gb (dual sim)",Oppo,44150,6.72,8,256,5000,0.0,0,False
OP896MP1ZIGXHNAFAMZ,oppo a78,Oppo,34499,6.43,8,256,5000,0.0,0,False
SA948MP28ZBGXNAFAMZ,samsung galaxy a14,Samsung,20899,6.6,4,64,5000,5.0,1,False
SA948MP0YSZF6NAFAMZ,samsung galaxy a03 core,Samsung,12299,6.5,2,32,5000,0.0,0,False
IT910MP1ZXVUCNAFAMZ,itel a60,Itel,10990,6.6,2,32,5000,0.0,0,False
TE685MP2OSRY2NAFAMZ,"tecno pop 7 6.6"" screen display (2gb + 64gb)8mp ",Tecno,13450,6.6,2,64,5000,0.0,0,False
SA948MP29A6ZMNAFAMZ,samsung galaxy a14 4g,Samsung,23995,6.6,4,128,5000,0.0,0,False
IT910MP2CO497NAFAMZ,itel gooda04,Itel,9799,6.3,2,32,4000,0.0,0,False
IT910MP2JH4ZLNAFAMZ,itel p40 4g lite - 6.6'' display - 64gb storage + 4gb ram - 13mp,Itel,13895,6.6,4,64,6000,0.0,0,False
TE685MP22827GNAFAMZ,tecno spark 10c,Tecno,17800,6.6,4,128,5000,0.0,0,False
SA948MP34OGICNAFAMZ,samsung galaxy a14,Samsung,20999,6.6,4,64,5000,4.0,1,False
IN213MP22LE8TNAFAMZ,infinix note 12 vip,Infinix,50000,6.67,8,256,4500,0.0,0,False
IT910MP1T5BBLNAFAMZ,itel p40,Itel,11690,6.6,4,64,6000,5.0,1,False
